,RGB1,RGB2,RGB3,RGB4,RGB5,RGB6,RGB7,RGB8,RGB9,RGB10,RGB11,RGB12,RGB13,RGB14,RGB15,RGB16,RGB17,RGB18,RGB19,RGB20,RGB21,RGB22,RGB23,RGB24,RGB25,RGB26,RGB27,RGB28,RGB29,RGB30,RGB31,RGB32,RGB33,RGB34,RGB35,RGB36,RGB37,RGB38,RGB39,RGB40,RGB41,RGB42,RGB43,RGB44,RGB45,RGB46,RGB47,RGB48,RGB49,RGB50,RGB51,RGB52,RGB53,RGB54,RGB55,RGB56,RGB57,RGB58,RGB59,RGB60,RGB61,RGB62,RGB63,RGB64,RGB65,RGB66,RGB67,RGB68,RGB69,RGB70,RGB71,RGB72,RGB73,RGB74,RGB75,RGB76,RGB77,RGB78,RGB79,RGB80,RGB81,RGB82,RGB83,RGB84,RGB85,RGB86,RGB87,RGB88,RGB89,RGB90,RGB91,RGB92,RGB93,RGB94,RGB95,RGB96,RGB97,RGB98,RGB99,RGB100,RGB101,RGB102,RGB103,RGB104,RGB105,RGB106,RGB107,RGB108,RGB109,RGB110,RGB111,RGB112,RGB113,RGB114,RGB115,RGB116,RGB117,RGB118,RGB119,RGB120,RGB121,RGB122,RGB123,RGB124,RGB125,RGB126,RGB127,RGB128,RGB129,RGB130,RGB131,RGB132,RGB133,RGB134,RGB135,RGB136,RGB137,RGB138,RGB139,RGB140,RGB141,RGB142,RGB143,RGB144,RGB145,RGB146,RGB147,RGB148,RGB149,RGB150,RGB151,RGB152,RGB153,RGB154,RGB155,RGB156,RGB157,RGB158,RGB159,RGB160,RGB161,RGB162,RGB163,RGB164,RGB165,RGB166,RGB167,RGB168,RGB169,RGB170,RGB171,RGB172,RGB173,RGB174,RGB175,RGB176,RGB177,RGB178,RGB179,RGB180,RGB181,RGB182,RGB183,RGB184,RGB185,RGB186,RGB187,RGB188,RGB189,RGB190,RGB191,RGB192,RGB193,RGB194,RGB195,RGB196,RGB197,RGB198,RGB199,RGB200,RGB201,RGB202,RGB203,RGB204,RGB205,RGB206,RGB207,RGB208,RGB209,RGB210,RGB211,RGB212,RGB213,RGB214,RGB215,RGB216,RGB217,RGB218,RGB219,RGB220,RGB221,RGB222,RGB223,RGB224,RGB225,RGB226,RGB227,RGB228,RGB229,RGB230,RGB231,RGB232,RGB233,RGB234,RGB235,RGB236,RGB237,RGB238,RGB239,RGB240,RGB241,RGB242,RGB243,RGB244,RGB245,RGB246,RGB247,RGB248,RGB249,RGB250,RGB251,RGB252,RGB253,RGB254,RGB255,RGB256,RGB257,RGB258,RGB259,RGB260,RGB261,RGB262,RGB263,RGB264,RGB265,RGB266,RGB267,RGB268,RGB269,RGB270,RGB271,RGB272,RGB273,RGB274,RGB275,RGB276,RGB277,RGB278,RGB279,RGB280,RGB281,RGB282,RGB283,RGB284,RGB285,RGB286,RGB287,RGB288,RGB289,RGB290,RGB291,RGB292,RGB293,RGB294,RGB295,RGB296,RGB297,RGB298,RGB299,RGB300,RGB301,RGB302,RGB303,RGB304,RGB305,RGB306,RGB307,RGB308,RGB309,RGB310,RGB311,RGB312,RGB313,RGB314,RGB315,RGB316,RGB317,RGB318,RGB319,RGB320,RGB321,RGB322,RGB323,RGB324,RGB325,RGB326,RGB327,RGB328,RGB329,RGB330,RGB331,RGB332,RGB333,RGB334,RGB335,RGB336,RGB337,RGB338,RGB339,RGB340,RGB341,RGB342,RGB343,RGB344,RGB345,RGB346,RGB347,RGB348,RGB349,RGB350,RGB351,RGB352,RGB353,RGB354,RGB355,RGB356,RGB357,RGB358,RGB359,RGB360,RGB361,RGB362,RGB363,RGB364,RGB365,RGB366,RGB367,RGB368,RGB369,RGB370,RGB371,RGB372,RGB373,RGB374,RGB375,RGB376,RGB377,RGB378,RGB379,RGB380,RGB381,RGB382,RGB383,RGB384,RGB385,RGB386,RGB387,RGB388,RGB389,RGB390,RGB391,RGB392,RGB393,RGB394,RGB395,RGB396,RGB397,RGB398,RGB399,RGB400,RGB401,RGB402,RGB403,RGB404,RGB405,RGB406,RGB407,RGB408,RGB409,RGB410,RGB411,RGB412,RGB413,RGB414,RGB415,RGB416,RGB417,RGB418,RGB419,RGB420,RGB421,RGB422,RGB423,RGB424,RGB425,RGB426,RGB427,RGB428,RGB429,RGB430,RGB431,RGB432,RGB433,RGB434,RGB435,RGB436,RGB437,RGB438,RGB439,RGB440,RGB441,RGB442,RGB443,RGB444,RGB445,RGB446,RGB447,RGB448,RGB449,RGB450,RGB451,RGB452,RGB453,RGB454,RGB455,RGB456,RGB457,RGB458,RGB459,RGB460,RGB461,RGB462,RGB463,RGB464,RGB465,RGB466,RGB467,RGB468,RGB469,RGB470,RGB471,RGB472,RGB473,RGB474,RGB475,RGB476,RGB477,RGB478,RGB479,RGB480,RGB481,RGB482,RGB483,RGB484,RGB485,RGB486,RGB487,RGB488,RGB489,RGB490,RGB491,RGB492,RGB493,RGB494,RGB495,RGB496,RGB497,RGB498,RGB499,RGB500,RGB501,RGB502,RGB503,RGB504,RGB505,RGB506,RGB507,RGB508,RGB509,RGB510,RGB511,RGB512,RGB513,RGB514,RGB515,RGB516,RGB517,RGB518,RGB519,RGB520,RGB521,RGB522,RGB523,RGB524,RGB525,RGB526,RGB527,RGB528,RGB529,RGB530,RGB531,RGB532,RGB533,RGB534,RGB535,RGB536,RGB537,RGB538,RGB539,RGB540,RGB541,RGB542,RGB543,RGB544,RGB545,RGB546,RGB547,RGB548,RGB549,RGB550,RGB551,RGB552,RGB553,RGB554,RGB555,RGB556,RGB557,RGB558,RGB559,RGB560,RGB561,RGB562,RGB563,RGB564,RGB565,RGB566,RGB567,RGB568,RGB569,RGB570,RGB571,RGB572,RGB573,RGB574,RGB575,RGB576,RGB577,RGB578,RGB579,RGB580,RGB581,RGB582,RGB583,RGB584,RGB585,RGB586,RGB587,RGB588,RGB589,RGB590,RGB591,RGB592,RGB593,RGB594,RGB595,RGB596,RGB597,RGB598,RGB599,RGB600,RGB601,RGB602,RGB603,RGB604,RGB605,RGB606,RGB607,RGB608,RGB609,RGB610,RGB611,RGB612,RGB613,RGB614,RGB615,RGB616,RGB617,RGB618,RGB619,RGB620,RGB621,RGB622,RGB623,RGB624,RGB625,RGB626,RGB627,RGB628,RGB629,RGB630,RGB631,RGB632,RGB633,RGB634,RGB635,RGB636,RGB637,RGB638,RGB639,RGB640,RGB641,RGB642,RGB643,RGB644,RGB645,RGB646,RGB647,RGB648,RGB649,RGB650,RGB651,RGB652,RGB653,RGB654,RGB655,RGB656,RGB657,RGB658,RGB659,RGB660,RGB661,RGB662,RGB663,RGB664,RGB665,RGB666,RGB667,RGB668,RGB669,RGB670,RGB671,RGB672,RGB673,RGB674,RGB675,RGB676,RGB677,RGB678,RGB679,RGB680,RGB681,RGB682,RGB683,RGB684,RGB685,RGB686,RGB687,RGB688,RGB689,RGB690,RGB691,RGB692,RGB693,RGB694,RGB695,RGB696,RGB697,RGB698,RGB699,RGB700,RGB701,RGB702,RGB703,RGB704,RGB705,RGB706,RGB707,RGB708,RGB709,RGB710,RGB711,RGB712,RGB713,RGB714,RGB715,RGB716,RGB717,RGB718,RGB719,RGB720,RGB721,RGB722,RGB723,RGB724,RGB725,RGB726,RGB727,RGB728,RGB729,RGB730,RGB731,RGB732,RGB733,RGB734,RGB735,RGB736,RGB737,RGB738,RGB739,RGB740,RGB741,RGB742,RGB743,RGB744,RGB745,RGB746,RGB747,RGB748,RGB749,RGB750,RGB751,RGB752,RGB753,RGB754,RGB755,RGB756,RGB757,RGB758,RGB759,RGB760,RGB761,RGB762,RGB763,RGB764,RGB765,RGB766,RGB767,RGB768,RGB769,RGB770,RGB771,RGB772,RGB773,RGB774,RGB775,RGB776,RGB777,RGB778,RGB779,RGB780,RGB781,RGB782,RGB783,RGB784,RGB785,RGB786,RGB787,RGB788,RGB789,RGB790,RGB791,RGB792,RGB793,RGB794,RGB795,RGB796,RGB797,RGB798,RGB799,RGB800
1,0.059005917,0.109406595,0.048395852,0.02952091,0.005870864,0.000677849,0.000110581,2.87E-06,0,0,0.005317957,0.016133387,0.005483111,0.013358801,0.022219669,0.015153952,0.006254308,0.00092917,3.16E-05,0,0.000150793,0.005939798,0.010456399,0.000824334,0.000738166,0.001691751,0.002470129,0.001951689,0.000208238,4.31E-06,2.87E-06,0.000313074,0.007749311,0.006159524,0.000212546,0.000318819,0.001431813,0.000212546,0.000126379,1.44E-06,0,0,0.000855928,0.004127413,0.001315487,7.04E-05,0.000364775,0.001552447,7.18E-06,0,0,0,7.18E-06,0.000206801,0.000384881,4.31E-05,0,2.15E-05,5.74E-06,0,0,0,0,0,1.44E-06,0,0,0,0,0,0,0,0,0,0,0,0,0,0,0,0.000891831,0.007779469,0.004506549,0.00189568,0.000315947,2.73E-05,1.44E-06,0,0,0,0.000551471,0.017550839,0.066941923,0.014856675,0.012064855,0.007159065,0.002063706,0.000156537,2.87E-06,0,4.31E-05,0.00163287,0.001971795,0.001688879,0.000742475,0.002402631,0.00545008,0.003507008,0.000331744,0,5.74E-06,0.000287224,0.002300666,0.001644359,0.000258502,0.000101965,0.000176643,0.000708008,0.000515568,2.01E-05,0,5.74E-06,0.000554343,0.002386834,0.000897576,9.48E-05,0.000145048,0.00056296,4.74E-05,1.44E-06,0,0,1.15E-05,0.000284352,0.000459559,0.000112017,2.87E-06,8.33E-05,6.18E-05,0,0,0,0,0,1.44E-06,1.44E-06,0,0,0,0,0,0,0,0,0,0,0,0,0,0,1.58E-05,1.87E-05,1.72E-05,1.44E-05,4.31E-06,0,0,0,0,0,0.003097714,0.000765453,0.015856216,0.012627815,0.004246611,0.001495002,0.000176643,1.29E-05,0,0,6.89E-05,0.000328872,0.001694623,0.032100184,0.005694221,0.005458697,0.005422794,0.002612305,0.000212546,0,1.44E-06,0.000202493,0.001147461,0.000933479,0.000591682,0.000251321,0.000581629,0.002404067,0.001640051,3.73E-05,0,1.15E-05,0.000417911,0.002645335,0.001134536,0.000178079,0.000193876,0.000594554,0.000208238,1.29E-05,0,0,1.58E-05,0.000756836,0.001361443,0.00028866,1.44E-05,0.000251321,0.000179515,0,0,0,0,0,2.87E-06,2.87E-06,2.87E-06,0,0,0,0,0,0,0,0,0,0,0,0,0,0,0,0,0,0,0,0,0,0,0,0.000393497,7.47E-05,0.000235524,0.000285788,0.000198185,3.45E-05,2.87E-06,0,0,0,0.001529469,0.001688879,0.000963637,0.012283146,0.020832376,0.005221737,0.002938304,0.00063333,3.30E-05,1.44E-06,2.87E-06,2.30E-05,0.000471048,0.000501206,0.014737477,0.007444853,0.002597943,0.00428395,0.002022059,5.31E-05,0,1.72E-05,0.000124943,0.001242245,0.000876034,0.000407858,0.000465303,0.000874598,0.00096651,0.000132123,0,0,7.18E-06,0.001148897,0.001981847,0.000857364,0.000110581,0.001179056,0.00045525,2.87E-06,0,0,0,0,2.15E-05,7.04E-05,2.44E-05,0,2.87E-06,1.44E-06,0,0,0,0,0,0,0,0,0,0,0,0,0,0,0,0,0,0,0,0,1.44E-06,1.44E-06,0,1.44E-06,1.44E-06,0,0,0,0,0,0.001482077,0.00072955,0.000334616,0.000483973,0.001002413,0.000917682,0.000269991,2.30E-05,0,0,0.000538545,0.000440889,0.000315947,0.000481101,0.017104205,0.032693302,0.005290671,0.003461052,0.000841567,1.58E-05,0,0,1.44E-05,0.000168026,0.000581629,0.004123104,0.00552045,0.001856905,0.002464384,0.000221163,0,0,0,0.000295841,0.001821002,0.001519416,0.000336052,0.002345186,0.001176183,2.59E-05,0,0,0,1.44E-06,2.59E-05,0.00023696,6.46E-05,1.44E-06,5.03E-05,5.74E-06,0,0,0,0,0,0,0,0,0,0,0,0,0,0,0,0,0,0,0,0,0,0,0,0,0,0,0,0,0,0,0.000155101,2.30E-05,4.31E-06,8.62E-06,7.18E-06,1.01E-05,4.31E-06,0,0,0,0.00149213,0.000789867,0.000231216,0.000290097,0.000774069,0.002959846,0.002066579,0.000663488,6.03E-05,1.44E-06,1.58E-05,7.04E-05,3.73E-05,6.03E-05,0.000491153,0.014118509,0.020296703,0.004473518,0.00300293,0.000173771,0,0,0,2.87E-06,0.000534237,0.001528033,0.001022518,0.002819106,0.0035027,0.000123506,0,0,0,0,1.29E-05,0.000555779,0.000370519,5.17E-05,0.001187672,1.15E-05,0,0,0,0,0,0,0,0,0,0,0,0,0,0,0,0,0,0,0,0,0,0,0,0,0,0,0,0,0,0,0,0,0,0,0,0,0,0,0,0,0.000695083,0.000117762,2.59E-05,2.15E-05,5.74E-05,0.000129251,6.89E-05,1.72E-05,0,0,0.000404986,0.000504079,0.000228343,0.000149357,0.000376264,0.001391602,0.004509421,0.002602252,0.000946404,2.73E-05,0,0,0,1.44E-06,1.87E-05,0.000660616,0.00852338,0.005648265,0.002406939,0.000196749,0,0,0,0,0,0.000209674,0.000702263,0.000673541,0.004585535,2.87E-06,0,0,0,0,0,0,0,0,0,0,0,0,0,0,0,0,0,0,0,0,0,0,0,0,0,0,0,0,0,0,0,0,0,0,0,0,0,0,0,0,1.01E-05,0,0,0,0,0,0,0,0,0,7.76E-05,0.000153665,0.00011489,9.48E-05,7.32E-05,0.000130687,0.000320255,0.000228343,2.59E-05,0,0,0,7.18E-06,3.73E-05,7.76E-05,0.000463867,0.004288258,0.010571289,0.001230756,8.62E-05,0,0,0,0,0,7.18E-06,0.000272863,0.009973863,0.002457204,2.44E-05,0,0,0,0,0,0,0,0,0,0,0,0,0,0,0,0,0,0,0,0,0,0,0,0,0,0,0,0,0,0,0,0,0,0,0,0,0,0,0,0,0,0,0,0,0,0,0,0,0,0,0,0,5.74E-06,2.87E-06,0,2.87E-06,1.44E-06,0,0,0,0,0,0,7.18E-06,2.01E-05,6.03E-05,0.000317383,0.000501206,0.000206801,1.44E-05,0,0,0,0,0,0,6.61E-05,0.006560202,0.019528378,4.45E-05,0,0,0,0,0,0,0,0,1.15E-05,0,0,0,0,0,0,0,0,0,0,0,0,0,0,0,0,0,0,0,0,0,0,0,0,0,0,0,0,0,0,0,0,0,0,0,0,0,0,0,0,0,0,0,0,0,0,0,0,0,0,0,0,0,0,0,0,0,0,4.31E-06,0,0,0,0,0,0,0,1.44E-06,2.87E-06,3.59E-05,0.000123506,5.74E-06,0,0,0,0,0,0,0,0,1.58E-05,0
2,0.003628413,0.01434199,0.030455907,0.032782555,0.023893356,0.015828768,0.00367864,6.10E-05,0,0,0,2.57E-05,0.002229691,0.010520935,0.018057187,0.040830294,0.10386467,0.032286644,2.07E-05,0,0,0,0,6.36E-07,7.09E-05,0.002370834,0.057338079,0.156646411,0.002994537,0,0,0,0,0,0,3.18E-06,0.001150767,0.024382273,0.007141431,0,0,0,0,0,0,0,0,0.000349045,0.000657399,1.91E-06,0,0,0,0,0,0,0,0,0,0,0,0,0,0,0,0,0,0,0,0,0,0,0,0,0,0,0,0,0,0,0,7.47E-05,0.000426928,0.00024128,0.000168165,2.83E-05,1.46E-05,0,0,0,0,1.94E-05,0.003273646,0.00772349,0.012188594,0.004935265,0.00140508,0.000519435,0.000125249,0,0,0,3.18E-07,0.000127474,0.00196298,0.006331444,0.009158134,0.007807096,0.001335462,1.56E-05,0,0,0,0,0,9.98E-05,0.002216339,0.017027537,0.012013117,0.000110944,0,0,0,0,0,0,0.000126839,0.00155735,0.004032453,0.000109673,0,0,0,0,0,0,0,3.81E-06,4.77E-06,0,0,0,0,0,0,0,0,0,0,0,0,0,0,0,0,0,0,0,0,0,0,0,0,0,0,0,0,0,0,0,0,0,1.59E-05,0.000363668,0.000349681,0.000316938,8.87E-05,5.02E-05,8.58E-06,0,0,0,0,0.000363986,0.001655261,0.007936478,0.004467964,0.000715574,0.001175245,8.49E-05,0,0,0,0,1.94E-05,0.001746178,0.006165504,0.004023234,0.003070196,0.000130018,0,0,0,0,0,0,0.000544548,0.001657486,0.005256971,0.000653903,0,0,0,0,0,0,0,8.04E-05,0.000184377,1.84E-05,0,0,0,0,0,0,0,0,0,0,0,0,0,0,0,0,0,0,0,0,0,0,0,0,0,0,0,0,0,0,0,0,0,0,0,0,6.36E-07,0,0,0,0,0,0,2.23E-06,0.000109355,0.000928243,0.000523885,0.000196775,0.000185966,1.75E-05,0,0,0,0,7.66E-05,0.002473195,0.009685834,0.001048724,0.000312487,3.94E-05,0,0,0,0,0,2.70E-05,0.001685778,0.00203832,0.0029157,0.000662804,0,0,0,0,0,0,4.13E-06,0.001470566,0.000646273,0.000237147,0,0,0,0,0,0,0,0,1.91E-06,0,0,0,0,0,0,0,0,0,0,0,0,0,0,0,0,0,0,0,0,0,0,0,0,0,0,0,0,0,0,0,0,0,0,0,0,9.54E-07,3.50E-06,6.36E-06,3.50E-06,0,0,0,0,0,3.18E-07,0.00031058,0.002388636,0.000390689,0.000129064,9.54E-07,0,0,0,0,0,0.000121117,0.005132993,0.002866109,0.000707626,0.000100454,0,0,0,0,0,0,4.86E-05,0.002235413,0.001610438,0.000348727,0,0,0,0,0,0,0,9.54E-07,4.36E-05,1.91E-06,0,0,0,0,0,0,0,0,0,0,0,0,0,0,0,0,0,0,0,0,0,0,0,0,0,0,0,0,0,0,0,0,0,0,0,0,0,0,0,0,0,0,0,0,0,0,1.72E-05,5.12E-05,2.07E-05,0,0,0,0,0,0,2.23E-06,0.00350221,0.003415744,0.000216166,2.00E-05,0,0,0,0,0,0,0.000557582,0.003097534,0.00121212,0.00017484,0,0,0,0,0,0,0,2.23E-06,0.000242551,4.23E-05,0,0,0,0,0,0,0,0,0,0,0,0,0,0,0,0,0,0,0,0,0,0,0,0,0,0,0,0,0,0,0,0,0,0,0,0,0,0,0,0,0,0,0,0,0,0,0,0,0,0,0,0,0,0,0,0,2.70E-05,0.000189463,0.000178019,7.63E-06,0,0,0,0,0,0,0.000664393,0.018791835,0.001143456,5.31E-05,0,0,0,0,0,0,0,0.000293732,0.000947634,6.17E-05,0,0,0,0,0,0,0,0,0,0,0,0,0,0,0,0,0,0,0,0,0,0,0,0,0,0,0,0,0,0,0,0,0,0,0,0,0,0,0,0,0,0,0,0,0,0,0,0,0,0,0,0,0,0,0,0,0,0,2.86E-06,3.18E-07,0,0,0,0,0,0,6.36E-07,0.009445508,0.000483831,8.71E-05,0,0,0,0,0,0,0,0.01614666,0.077174505,5.63E-05,0,0,0,0,0,0,0,0,6.36E-07,0,0,0,0,0,0,0,0,0,0,0,0,0,0,0,0,0,0,0,0,0,0,0,0,0,0,0,0,0,0,0,0,0,0,0,0,0,0,0,0,0,0,0,0,0,0,0,0,0,0,0,0,0,0,0,0,0,0,0,1.11E-05,6.36E-06,0,0,0,0,0,0,0,0.000118256,0.095647494,0.000358582,0,0,0,0,0,0,0,2.16E-05,0.001014074,2.86E-06,0,0,0,0,0,0,0,0,0,0,0,0,0,0,0,0,0,0,0,0,0,0,0,0,0,0,0,0,0,0,0,0,0,0,0,0,0,0,0,0,0,0,0,0,0,0,0,0,0,0,0,0,0,0,0,0,0,0,0,0,0,0,0,0,0,0,0,1.27E-06,0.000657717,1.49E-05,0,0,0,0,0,0,0,2.54E-06,0.000126521,0
3,0.109722222,0.114940476,0.054166667,0.048134921,0.044027778,0.027519841,0.01031746,0.003730159,0.000813492,0,0.000734127,0.002718254,0.007440476,0.007123016,0.005674603,0.003214286,0.002678571,0.003630952,0.000813492,1.98E-05,0,0,0.000575397,0.000416667,0.001071429,0.000952381,0.000615079,0.00015873,0.000119048,0,0,0,0,1.98E-05,0,3.97E-05,0.000218254,9.92E-05,0.000297619,0,0,0,0,0,0,0,0,0,0.000674603,7.94E-05,0,0,0,0,0,0,0,0,0,1.98E-05,0,0,0,0,0,0,0,0,0,0,0,0,0,0,0,0,0,0,0,0,0.00265873,0.022380952,0.007916667,0.006865079,0.009603175,0.019980159,0.018214286,0.010099206,0.00343254,0.000138889,7.94E-05,0.009583333,0.01625,0.011428571,0.012043651,0.018948413,0.023829365,0.021011905,0.013611111,0.000674603,0,9.92E-05,0.000456349,0.001448413,0.00327381,0.003809524,0.002281746,0.002440476,0.002678571,0.000376984,0,0,1.98E-05,0.000277778,0.000337302,0.000515873,0.00125,0.00077381,0.000555556,9.92E-05,0,0,0,0,3.97E-05,0,1.98E-05,5.95E-05,0.001547619,0.000376984,0,0,0,0,0,0,0,0,0.00093254,0.000753968,0,0,0,0,0,0,0,0,1.98E-05,0,0,0,0,0,0,0,0,0,0,0,1.98E-05,1.98E-05,3.97E-05,0,0,7.94E-05,9.92E-05,0.000198413,5.95E-05,1.98E-05,0,7.94E-05,0.004484127,0.00172619,0.001388889,0.002003968,0.003690476,0.004662698,0.003373016,0.000714286,0,1.98E-05,0.001011905,0.004325397,0.003234127,0.002539683,0.003531746,0.004940476,0.007063492,0.002222222,0,0,0,0.000178571,0.000734127,0.001488095,0.002361111,0.001626984,0.00140873,0.000496032,0,0,0,0,7.94E-05,0.000257937,0.000337302,0.00140873,0.000833333,3.97E-05,0,0,0,0,0,0,0,3.97E-05,0.002281746,0.002996032,0,0,0,0,0,0,0,0,0.000595238,0.000198413,0,0,0,0,0,0,0,0,0,0,0,0,0,0,0,0,0,0,0,0,0,0,0,0,1.98E-05,0,5.95E-05,0,1.98E-05,0,0,0,1.98E-05,0.001785714,0.001805556,0.00047619,0.00077381,0.001507937,0.002519841,0.001289683,0,0,0,3.97E-05,0.00093254,0.001765873,0.003253968,0.001924603,0.002480159,0.002003968,0,0,0,0,5.95E-05,0.00031746,0.001547619,0.01390873,0.004246032,0.00047619,0,0,0,0,0,0,7.94E-05,9.92E-05,0.001587302,0.001686508,0,0,0,0,0,0,0,0,0.002083333,0.002063492,0,0,0,0,0,0,0,0,0,0,0,0,0,0,0,0,0,0,0,0,0,0,0,0,0,0,0,0,0,0,0,0,0,1.98E-05,0.00015873,0,5.95E-05,5.95E-05,5.95E-05,7.94E-05,0,0,0,1.98E-05,0.000873016,0.00172619,0.000793651,0.000694444,0.001150794,0.001785714,0,0,0,0,0,9.92E-05,0.002142857,0.027619048,0.017460317,0.000833333,0,0,0,0,0,0,1.98E-05,0.000257937,0.003452381,0.00093254,0,0,0,0,0,0,0,0,0.001468254,0.002678571,0,0,0,0,0,0,0,0,0,0,0,0,0,0,0,0,0,0,0,0,0,0,0,0,0,0,0,0,0,0,0,0,0,0,0,0,0,0,0,0,0,0,0,0,1.98E-05,7.94E-05,5.95E-05,3.97E-05,5.95E-05,0.00015873,0,0,0,0,0,0.000376984,0.002222222,0.006944444,0.004960317,0.001130952,0,0,0,0,0,0,3.97E-05,0.002440476,0.02140873,0.000892857,0,0,0,0,0,0,0,0,0.000436508,0.001329365,0,0,0,0,0,0,0,0,0,0,0,0,0,0,0,0,0,0,0,0,0,0,0,0,0,0,0,0,0,0,0,0,0,0,0,0,0,0,0,0,0,0,0,0,0,0,0,0,0,0,0,0,0,0,0,0,0.00077381,0.000416667,0.000138889,0.000277778,0,0,0,0,0,0,0.000436508,0.005674603,0.005833333,0.000813492,0,0,0,0,0,0,3.97E-05,1.98E-05,0.000575397,0.00093254,0,0,0,0,0,0,0,0,0,3.97E-05,0,0,0,0,0,0,0,0,0,0,0,0,0,0,0,0,0,0,0,0,0,0,0,0,0,0,0,0,0,0,0,0,0,0,0,0,0,0,0,0,0,0,0,0,0,0,0,0,0,1.98E-05,0,0,0,0,0,0,0,0.001706349,0.002083333,0.00031746,0,0,0,0,0,0,0,0.000615079,0.005178571,0.001309524,0,0,0,0,0,0,0,0,1.98E-05,3.97E-05,0,0,0,0,0,0,0,0,0,0,0,0,0,0,0,0,0,0,0,0,0,0,0,0,0,0,0,0,0,0,0,0,0,0,0,0,0,0,0,0,0,0,0,0,0,0,0,0,0,0,0,0,0,0,0,0,0,0,0,0,0,0,0,0,0,0,0,9.92E-05,0.009821429,0.00609127,0,0,0,0,0,0,0,0,0.000376984,0.001329365,0,0,0,0,0,0,0,0,0,0,0,0,0,0,0,0,0,0,0,0,0,0,0,0,0,0,0,0,0,0,0,0,0,0,0,0,0,0,0,0,0,0,0,0,0,0,0,0,0,0,0,0,0,0,0,0,0,0,0,0,0,0,0,0,0,0,0,0,0.000198413,0.002738095,0,0,0,0,0,0,0,0,0.003531746,0.015793651
4,0.018285714,0.044571429,0.025828571,0.003396571,0.000260571,4.57E-06,0,0,0,0,4.57E-06,0.003465143,0.031561143,0.039451429,0.02064,0.005051429,0.000109714,0,0,0,0,0.000210286,0.015556571,0.008973714,0.010528,0.017723429,0.010518857,0.000461714,0,0,0,0,0.001321143,0.013718857,0.001046857,0.000681143,0.005915429,0.008969143,4.11E-05,0,0,0,0,0.000246857,0.000512,4.57E-05,4.11E-05,0.002386286,0.000470857,0,0,0,0,0,0,0.000617143,0.000443429,4.57E-06,0,0,0,0,0,0,0,0,0,0,0,0,0,0,0,0,0,0,0,0,0,0,0.000210286,0.005558857,0.001604571,6.40E-05,4.57E-06,0,0,0,0,0,9.14E-06,0.011579429,0.036178286,0.036169143,0.018112,0.003780571,0.000123429,0,0,0,0,0,0.001312,0.011684571,0.021051429,0.027725714,0.015232,0.000992,0,0,0,0,0.000214857,0.012150857,0.002998857,0.005385143,0.013408,0.012009143,0.000571429,0,0,0,0,0.000489143,0.002998857,0.000539429,0.000365714,0.004726857,0.003405714,0,0,0,0,0,0,0.000123429,0.000118857,1.37E-05,7.31E-05,0,0,0,0,0,0,0,0,0,0,0,0,0,0,0,0,0,0,0,0,0,0,4.57E-06,9.14E-06,4.57E-06,0,0,0,0,0,0,0,0.000969143,0.021334857,0.015954286,0.003442286,0.000251429,0,0,0,0,0,4.57E-06,0.005869714,0.024077714,0.033581714,0.034610286,0.016022857,0.000539429,4.57E-06,0,0,0,0,0.002966857,0.003497143,0.008950857,0.026669714,0.015904,0.001078857,0,0,0,0,0.000278857,0.013650286,0.002816,0.004621714,0.012169143,0.007844571,1.37E-05,0,0,0,0,0,0.000274286,0.000242286,9.14E-05,0.000768,4.57E-06,0,0,0,0,0,0,0,0,0,0,0,0,0,0,0,0,0,0,0,0,0,0,0,0,0,0,0,0,0,0,0,0,5.03E-05,5.03E-05,0,0,0,0,0,0,0,0,0.001293714,0.012763429,0.014057143,0.008987429,0.002473143,2.29E-05,0,0,0,0,0,9.14E-05,0.002354286,0.010939429,0.020315429,0.009938286,0.000178286,4.57E-06,0,0,0,1.37E-05,0.006432,0.005197714,0.005828571,0.018514286,0.005860571,1.83E-05,0,0,0,0,0,0.001654857,0.000973714,0.001979429,0.003373714,3.20E-05,0,0,0,0,0,0,0,0,0,0,0,0,0,0,0,0,0,0,0,0,0,0,0,0,0,0,0,0,0,0,0,0,0,0,0,0,0,0,0,0,0,0,4.57E-06,0.000315429,0.000292571,5.49E-05,4.57E-06,0,0,0,0,0,0,0.000278857,0.002889143,0.006038857,0.005389714,0.001380571,2.29E-05,0,0,0,0,0,9.14E-05,0.000608,0.002793143,0.007949714,0.001929143,1.83E-05,0,0,0,0,0,0.000356571,0.001202286,0.006482286,0.004713143,4.57E-05,0,0,0,0,0,0,9.14E-06,5.03E-05,4.57E-06,0,0,0,0,0,0,0,0,0,0,0,0,0,0,0,0,0,0,0,0,0,0,0,0,0,0,0,0,0,0,0,0,0,0,0,0,0,0,0,0,0,0,0,0,9.14E-06,0.000141714,0.000310857,0.000196571,2.29E-05,0,0,0,0,0,0,3.66E-05,0.000352,0.001371429,0.001435429,0.000544,4.57E-06,0,0,0,0,0,0,0.000685714,0.004470857,0.003844571,3.66E-05,0,0,0,0,0,0,6.86E-05,0.000201143,0.000128,0,0,0,0,0,0,0,0,0,0,0,0,0,0,0,0,0,0,0,0,0,0,0,0,0,0,0,0,0,0,0,0,0,0,0,0,0,0,0,0,0,0,0,0,0,0,4.57E-06,0,0,0,0,0,0,0,0,0,2.74E-05,0.000123429,6.86E-05,2.29E-05,0,0,0,0,0,0,0,6.40E-05,0.001883429,0.001266286,2.74E-05,0,0,0,0,0,0,2.74E-05,0.000251429,0.000859429,4.57E-06,0,0,0,0,0,0,0,0,0,0,0,0,0,0,0,0,0,0,0,0,0,0,0,0,0,0,0,0,0,0,0,0,0,0,0,0,0,0,0,0,0,0,0,0,0,0,0,0,0,0,0,0,0,0,0,0,0,0,0,0,0,0,0,0,0,0,1.83E-05,0.000109714,0.000123429,0,0,0,0,0,0,0,0,6.86E-05,0.001705143,1.83E-05,0,0,0,0,0,0,0,0,0,0,0,0,0,0,0,0,0,0,0,0,0,0,0,0,0,0,0,0,0,0,0,0,0,0,0,0,0,0,0,0,0,0,0,0,0,0,0,0,0,0,0,0,0,0,0,0,0,0,0,0,0,0,0,0,0,0,0,0,1.83E-05,0,0,0,0,0,0,0,0,0,0.000544,0,0,0,0,0,0,0,0,0,0,0,0,0,0,0,0,0,0,0,0,0,0,0,0,0,0,0,0,0,0,0,0,0,0,0,0,0,0,0,0,0,0,0,0,0,0,0,0,0,0,0,0,0,0,0,0,0,0,0,0,0,0,0,0,0,0,0,0,0,0,0,0,0,0,0,0,0,0,0,4.57E-06,0,0,0,0,0,0,0,0,0,0,0
5,0.002239093,0.010119162,0.021141649,0.032164136,0.040995579,0.045118201,0.046626946,0.034249471,0.003565251,2.88E-05,0,8.65E-05,0.000499712,0.000893715,0.001585624,0.003719008,0.007707092,0.022419758,0.017586008,0.000230636,0,0,3.84E-05,0.000566981,0.000461272,0.000201807,0.000566981,0.001249279,0.005506439,0.000557371,0,0,0,1.92E-05,0.000634249,0.000288295,5.77E-05,0.000124928,0.000470882,0.000124928,0,0,0,0,2.88E-05,0.000518931,4.80E-05,0,7.69E-05,9.61E-06,0,0,0,0,0,0,1.92E-05,0,0,0,0,0,0,0,0,0,0,0,0,0,0,0,0,0,0,0,0,0,0,0,9.61E-06,0.001028253,0.003719008,0.004545455,0.00241207,0.003065539,0.004526235,0.004074572,0.000749568,0,9.61E-06,0.000374784,0.002585047,0.005487219,0.005929272,0.009436863,0.015337305,0.027003652,0.013915049,0.000297905,0,0,0,0.000547761,0.000912935,0.001153181,0.002171824,0.003997694,0.01143571,0.001422256,0,0,0,0,0.000768787,0.000874495,0.000384394,0.000499712,0.001489525,0.000826446,0,0,0,0,0.000211416,0.001489525,0.000701518,2.88E-05,0.000144148,2.88E-05,0,0,0,0,0,0,0.000643859,6.73E-05,0,0,0,0,0,0,0,0,0,0,0,0,0,0,0,0,0,0,0,0,0,0,0,9.61E-06,0.000115318,0.000922545,0.000893715,0.000105708,4.80E-05,6.73E-05,9.61E-06,0,0,0.000105708,0.001902748,0.004257159,0.003738228,0.02168941,0.008370171,0.01084951,0.006928695,0.000115318,0,0,6.73E-05,0.00120123,0.002546608,0.003459543,0.00600615,0.01083029,0.020939842,0.002767634,0,0,0,0,0.000499712,0.001105132,0.001133961,0.001105132,0.003094369,0.001508745,0,0,0,0,7.69E-05,0.00118201,0.002027676,0.000278685,0.000538151,0.000240246,0,0,0,0,0,9.61E-06,0.001873919,0.001057082,0,1.92E-05,0,0,0,0,0,0,0,0.000230636,0,0,0,0,0,0,0,0,0,0,0,0,0,0,0,0,0.000134538,4.80E-05,0,0,0,0,0,0,9.61E-06,0.000480492,0.000903325,0.138103017,0.02111282,0.000259466,7.69E-05,0,0,0,0.000134538,0.002066116,0.003853546,0.004141841,0.005746685,0.009206227,0.010974438,0.002200653,0,0,0,0,0.000326735,0.001970017,0.002200653,0.003065539,0.007024793,0.0030271,0,0,0,0,9.61E-06,0.000442053,0.002210263,0.001153181,0.001066692,0.000701518,0,0,0,0,0,9.61E-06,0.001662502,0.002729195,4.80E-05,4.80E-05,0,0,0,0,0,0,0,0.000739958,0.000201807,0,0,0,0,0,0,0,0,0,0,0,0,0,0,0,9.61E-06,0,0,0,0,0,0,0,0,0,2.88E-05,0.000317125,3.84E-05,0,0,0,0,0,0,7.69E-05,0.000682299,0.000836056,0.000759177,0.000864886,0.00057659,9.61E-05,0,0,0,1.92E-05,0.000807227,0.002248703,0.002815683,0.003959254,0.005679416,0.001547184,0,0,0,0,0,0.000201807,0.003680569,0.002335191,0.002258313,0.001066692,0,0,0,0,0,0,0.000461272,0.002892562,0.00059581,0.000163367,0,0,0,0,0,0,0,0.001278109,0.000941764,0,0,0,0,0,0,0,0,0,0,0,0,0,0,0,0,0,0,0,0,0,0,0,0,0,0,3.84E-05,0,0,0,0,0,0,0,0,0,0.000134538,0.000307515,9.61E-06,0,0,0,0,0,0,0.000153757,0.000778397,0.000970594,0.001009033,0.001249279,0.000144148,0,0,0,0,0,0.000259466,0.003315395,0.002950221,0.002738805,0.000912935,0,0,0,0,0,0,0.000470882,0.005467999,0.002239093,0.000634249,0,0,0,0,0,0,0,0.00061503,0.001758601,5.77E-05,0,0,0,0,0,0,0,0,9.61E-06,0,0,0,0,0,0,0,0,0,0,0,0,0,0,0,0,0,0,0,0,0,0,0,0,0,0,0,9.61E-06,0,0,0,0,0,0,0,0,0,5.77E-05,9.61E-06,9.61E-06,0,0,0,0,0,0,7.69E-05,0.001143571,0.002094945,0.001306938,0.000240246,0,0,0,0,0,0,0.000269076,0.007149721,0.00423794,0.000960984,0,0,0,0,0,0,0,0.000643859,0.004026523,0.000403613,0,0,0,0,0,0,0,0,9.61E-06,1.92E-05,0,0,0,0,0,0,0,0,0,0,0,0,0,0,0,0,0,0,0,0,0,0,0,0,0,0,0,0,0,0,0,0,0,0,0,0,0,0,0,0,0,0,0,0,0,0,9.61E-06,1.92E-05,0,0,0,0,0,0,0,0,4.80E-05,0.005141265,0.004074572,0.000413223,0,0,0,0,0,0,0,0.000807227,0.013050163,0.001710552,0,0,0,0,0,0,0,0,0.000153757,0.000201807,0,0,0,0,0,0,0,0,0,0,0,0,0,0,0,0,0,0,0,0,0,0,0,0,0,0,0,0,0,0,0,0,0,0,0,0,0,0,0,0,0,0,0,0,0,0,0,0,0,0,0,0,0,0,0,0,0,0.000211416,0.000711128,9.61E-06,0,0,0,0,0,0,0,0.000307515,0.066625024,0.00421872,0,0,0,0,0,0,0,0,0.001489525,0.002364021,0,0,0,0,0,0,0,0,0,0,0,0,0,0,0,0,0,0,0,0,0,0,0,0,0,0,0,0,0,0,0,0,0,0,0,0,0,0,0,0,0,0,0,0,0,0,0,0,0,0,0,0,0,0,0,0,0,0,0,0,0,0,0,0,0,0,0,0,0.00665001,0.003190467,0,0,0,0,0,0,0,0,0.002239093,0.011349222
6,0.012558187,0.034816895,0.045319824,0.044869792,0.025905762,0.011223551,0.002913818,0.00037679,1.75E-05,0,2.03E-05,0.000738525,0.001558024,0.008859049,0.025167236,0.034750163,0.031431071,0.01760498,0.004996745,0.000255941,0,0,0,1.63E-06,7.04E-05,0.005241292,0.007263184,0.014826253,0.024282633,0.003545736,0,0,0,0,0,0,7.73E-06,0.000558268,0.014388021,0.005965576,0,0,0,0,0,0,0,4.07E-07,0.001901855,0.0012264,0,0,0,0,0,0,0,0,6.92E-06,2.03E-06,0,0,0,0,0,0,0,0,0,0,0,0,0,0,0,0,0,0,0,0,1.67E-05,0.000299479,0.000137939,6.88E-05,2.36E-05,6.10E-06,4.07E-07,0,0,0,1.51E-05,0.007212728,0.002705485,0.005046794,0.006908366,0.006831055,0.004379476,0.00108846,9.24E-05,1.22E-06,0,0.000210368,9.72E-05,0.000128988,0.000912679,0.011510824,0.035305583,0.012963053,0.009845378,0.000855306,0,0,0,0,0,4.48E-06,0.002375895,0.003973389,0.017116292,0.007047526,0,0,0,0,0,0,0,2.60E-05,0.006072591,0.004657796,0,0,0,0,0,0,0,0,9.40E-05,4.52E-05,0,0,0,0,0,0,0,0,0,0,0,0,0,0,0,0,0,0,0,0,0,0,0,0,0,0,0,0,0,0,0,0.000128581,0.000140381,0.000393066,0.000209147,7.89E-05,2.77E-05,3.26E-06,0,0,0,0.001228841,0.021611328,0.007737223,0.002240804,0.003992106,0.004406738,0.003720296,0.001550293,7.45E-05,0,0,0.000562337,0.000138346,1.79E-05,0.000557048,0.00669515,0.008339437,0.011547038,0.004161784,0,0,0,0,0,0,0,0.000179443,0.008852539,0.00675415,0,0,0,0,0,0,0,0,0.000739339,0.000600993,0,0,0,0,0,0,0,0,0,0,0,0,0,0,0,0,0,0,0,0,0,0,0,0,0,0,0,0,0,0,0,0,0,4.07E-07,0,0,0,0,0,0,0,0,0.001241455,0.002825928,0.000528971,0.000481364,0.000336914,0.000148112,3.30E-05,1.22E-06,0,0,0.002501628,0.008332113,0.00276123,0.002657471,0.003509521,0.006725667,0.00444987,0.001181234,0,0,4.31E-05,7.93E-05,6.51E-06,6.51E-06,0.000202637,0.004749756,0.007614746,0.005762533,0,0,0,0,0,0,0,2.44E-06,0.002486165,0.002138265,0,0,0,0,0,0,0,0,9.36E-06,1.10E-05,0,0,0,0,0,0,0,0,0,0,0,0,0,0,0,0,0,0,0,0,0,0,0,0,0,0,0,0,0,0,0,0,0,4.07E-07,0,4.07E-07,0,0,4.07E-07,0,0,0,2.85E-06,0.000558268,0.002108968,0.000460612,0.000563558,0.000449219,0.000321452,5.66E-05,0,0,2.03E-05,0.001146647,0.003555908,0.001312663,0.001859945,0.009496663,0.004485677,0.002325846,0,0,0,0,0,0,1.63E-06,9.93E-05,0.003105876,0.002684326,0,0,0,0,0,0,0,0,0.000131429,0.00015625,0,0,0,0,0,0,0,0,0,0,0,0,0,0,0,0,0,0,0,0,0,0,0,0,0,0,0,0,0,0,0,0,0,0,0,0,0,0,0,0,0,0,0,0,4.07E-07,3.66E-06,3.66E-06,1.22E-06,1.22E-06,4.07E-07,0,0,0,1.02E-05,0.001063232,0.006652832,0.001145426,0.001711833,0.000705973,0.000262451,0,0,0,0,0,0.000435384,0.00121582,0.001871745,0.014733887,0.001600749,0,0,0,0,0,0,0,4.07E-07,0.000600179,0.000552979,0,0,0,0,0,0,0,0,0,0,0,0,0,0,0,0,0,0,0,0,0,0,0,0,0,0,0,0,0,0,0,0,0,0,0,0,0,0,0,0,0,0,0,0,0,0,0,0,0,0,0,0,0,0,0,2.69E-05,4.11E-05,9.77E-06,4.88E-06,3.26E-06,0,0,0,0,0,0.00011556,0.006124674,0.004060059,0.007635905,0.002052409,0,0,0,0,0,0,0,0.000246582,0.06286377,0.107667236,0,0,0,0,0,0,0,0,2.03E-06,4.07E-07,0,0,0,0,0,0,0,0,0,0,0,0,0,0,0,0,0,0,0,0,0,0,0,0,0,0,0,0,0,0,0,0,0,0,0,0,0,0,0,0,0,0,0,0,0,0,0,0,0,0,0,0,0,0,0,0,4.07E-07,0.000249837,6.92E-06,3.26E-06,0,0,0,0,0,0,0,0.00085734,0.01337321,0.038905436,0,0,0,0,0,0,0,0,3.66E-06,4.07E-07,0,0,0,0,0,0,0,0,0,0,0,0,0,0,0,0,0,0,0,0,0,0,0,0,0,0,0,0,0,0,0,0,0,0,0,0,0,0,0,0,0,0,0,0,0,0,0,0,0,0,0,0,0,0,0,0,0,0,0,0,0,0,0,0,0,0,0,0,0,0,0,0,0,0,0,0,0,0,0,0,0,0,0,0,0,0,0,0,0,0,0,0,0,0,0,0,0,0,0,0,0,0,0,0,0,0,0,0,0,0,0,0,0,0,0,0,0,0,0,0,0,0,0,0,0,0,0,0,0,0,0,0,0,0,0,0,0,0,0,0,0,0,0,0,0,0,0,0,0,0,0,0,0,0,0,0,0,0,0,0
7,0.048562803,0.045550851,0.043692945,0.03083052,0.00667417,0.001325544,1.07E-05,0,0,0,7.86E-05,0.004026654,0.00599532,0.012501563,0.015827929,0.011254622,0.002147311,2.14E-05,0,0,0,3.93E-05,0.001257659,0.00090037,0.000300123,0.000403737,0.001343409,0.000314415,0,0,0,0,0,0.00027154,0.000478768,1.07E-05,3.57E-06,0.000125051,4.64E-05,0,0,0,0,0,0.001039713,0.000564518,2.50E-05,0,0,0,0,0,0,0,0,1.79E-05,3.57E-06,0,0,0,0,0,0,0,0,0,0,0,0,0,0,0,0,0,0,0,0,0,0,0,0.000239384,0.002844025,0.001957947,0.0013577,0.000578809,0,0,0,0,0,0,0.004133841,0.008942959,0.019004234,0.024385015,0.021801811,0.005241438,7.15E-06,0,0,0,3.57E-06,0.002229487,0.003126284,0.00550226,0.013069654,0.01734641,0.002626079,2.50E-05,0,0,0,3.93E-05,0.0013577,0.003726531,0.000443039,0.001275524,0.002090144,0.000292977,0,0,0,0,0,0.000703861,0.002354538,0.000260821,1.43E-05,0.000139343,0,0,0,0,0,0,3.57E-06,0.000310842,2.14E-05,0,0,0,0,0,0,0,0,0,0,0,0,0,0,0,0,0,0,0,0,0,0,0,1.07E-05,0,0,0,0,0,0,0,0,0,0.000360862,0.006141808,0.005334334,0.004130268,0.003694374,0.001429158,0,0,0,0,0,0.00087536,0.005241438,0.013516266,0.028665345,0.033785305,0.0042446,3.57E-06,0,0,0,0,0.001607803,0.005345052,0.00381228,0.010872323,0.016806903,0.002047269,0,0,0,0,0,0.001136181,0.005791664,0.002115154,0.00051807,0.000978974,0,0,0,0,0,0,7.86E-05,0.002872608,0.000618111,0,0,0,0,0,0,0,0,0,8.93E-05,0,0,0,0,0,0,0,0,0,0,0,0,0,0,0,0,0,0,0,0,0,0,0,0,0.000267967,7.50E-05,7.15E-06,1.07E-05,0,0,0,0,0,0,0.000414456,0.005116387,0.009296675,0.011218893,0.010958072,0.001168337,0,0,0,0,0,0.000596674,0.003769405,0.01094378,0.03148436,0.046158244,0.006245422,7.15E-06,0,0,0,0,0.000975401,0.012190721,0.004891295,0.008210515,0.009193061,3.22E-05,0,0,0,0,0,0.000439466,0.005573718,0.002826161,0.000150062,0,0,0,0,0,0,0,0,0.000468049,4.29E-05,0,0,0,0,0,0,0,0,0,0,0,0,0,0,0,0,0,0,0,0,0,0,0,0,0,0,0,0,0,0,0,0,0,0,0.001264805,0.001757865,0.000178645,0.000282259,5.72E-05,0,0,0,0,0,7.86E-05,0.005627311,0.01102953,0.020579881,0.017039141,0.00259035,0,0,0,0,0,0.000150062,0.007320864,0.009264519,0.026192901,0.047162227,0.000946817,0,0,0,0,0,0.000646694,0.009268092,0.003830145,0.00370152,0.000235811,0,0,0,0,0,0,0,0.001786448,0.001504189,0,0,0,0,0,0,0,0,0,0,0,0,0,0,0,0,0,0,0,0,0,0,0,0,0,0,0,0,0,0,0,0,0,0,0,0,0,0,0,0,0,0,0,0,3.57E-06,0.000610965,0.00144345,0.000978974,0.000428748,2.50E-05,0,0,0,0,0,0,0.002079425,0.00634189,0.010229201,0.008403451,0.000403737,0,0,0,0,0,0.000171499,0.014609572,0.006456223,0.012004931,0.002147311,0,0,0,0,0,0,0,0.001993676,0.002325955,3.22E-05,0,0,0,0,0,0,0,0,0,0,0,0,0,0,0,0,0,0,0,0,0,0,0,0,0,0,0,0,0,0,0,0,0,0,0,0,0,0,0,0,0,0,0,0,0,0,0,0,0,0,0,0,0,0,0,7.15E-06,0.000303696,0.000285832,2.14E-05,7.15E-06,0,0,0,0,0,7.15E-06,0.004230309,0.006684888,0.00272612,0.00040731,0,0,0,0,0,0,0,0.003658646,0.004412527,0.000828912,0,0,0,0,0,0,0,0,0,0,0,0,0,0,0,0,0,0,0,0,0,0,0,0,0,0,0,0,0,0,0,0,0,0,0,0,0,0,0,0,0,0,0,0,0,0,0,0,0,0,0,0,0,0,0,0,0,0,0,0,0,0,0,0,0,0,0.000157207,0.000746735,7.15E-05,0,0,0,0,0,0,0,0,0.001668542,0.001482752,0.000521643,0,0,0,0,0,0,0,0,0,3.57E-06,0,0,0,0,0,0,0,0,0,0,0,0,0,0,0,0,0,0,0,0,0,0,0,0,0,0,0,0,0,0,0,0,0,0,0,0,0,0,0,0,0,0,0,0,0,0,0,0,0,0,0,0,0,0,0,0,0,0,0,0,0,0,0,0,0,0,0,0,0.000350144,0.000267967,0,0,0,0,0,0,0,0,0,3.57E-06,0,0,0,0,0,0,0,0,0,0,0,0,0,0,0,0,0,0,0,0,0,0,0,0,0,0,0,0,0,0,0,0,0,0,0,0,0,0,0,0,0,0,0,0,0,0,0,0,0,0,0,0,0,0,0,0,0,0,0,0,0,0,0,0,0,0,0,0,0,0,0,0,0,0,0,0,0,0,0,0
8,0.203170804,0.020150709,0.020484634,0.028265366,0.029385343,0.022334515,0.004299645,1.48E-05,0,0,0.000100473,0.004583333,0.004802009,0.00248227,0.006385934,0.016223404,0.021078605,0.002990544,0,0,0,8.27E-05,0.001710993,0.002124704,0.00054078,0.000431442,0.003398345,0.003877069,3.25E-05,0,0,0,0.000118203,0.000263002,0.001102246,0.000103428,1.48E-05,0.000345745,6.80E-05,0,0,0,0,0,1.18E-05,1.18E-05,9.16E-05,0,2.96E-06,0,0,0,0,0,0,0,0,0,0,0,0,0,0,0,0,0,0,0,0,0,0,0,0,0,0,0,0,0,0,0,0.006932624,0.002567967,0.001400709,0.00179078,0.001300236,0.000407801,5.91E-05,0,0,0,0.000576241,0.007609338,0.006388889,0.004406028,0.006648936,0.011276596,0.009364657,0.001028369,2.96E-06,0,0,1.18E-05,0.001480496,0.004408983,0.002281324,0.001708038,0.005771277,0.007293144,0.000260047,0,0,0,4.73E-05,0.001096336,0.002768913,0.001335697,0.000499409,0.002340426,0.000605792,0,0,0,0,8.87E-06,1.77E-05,0.000620567,0.000723995,2.96E-06,1.77E-05,0,0,0,0,0,0,0,0,0,0,0,0,0,0,0,0,0,0,0,0,0,0,0,0,0,0,0,0,0,0,0,2.96E-06,0,0,0,0,0,0,0,0,0,2.36E-05,0.003614066,0.001888298,0.00105792,0.001128842,0.001572104,0.001019504,2.66E-05,0,0,0,2.96E-05,0.001589835,0.005062057,0.003404255,0.002423168,0.004376478,0.003516548,0.000265957,0,0,0,5.91E-06,0.000794917,0.004932033,0.030484634,0.001007683,0.002949173,0.001678487,1.48E-05,0,0,0,5.91E-06,0.000280733,0.003259456,0.00322695,0.000475768,0.000248227,1.18E-05,0,0,0,0,0,0,0.000147754,0.000753546,0,0,0,0,0,0,0,0,0,0,0,0,0,0,0,0,0,0,0,0,0,0,0,0,0,0,0,0,0,0,0,0,0,0.000109338,0.000115248,0,0,0,0,0,0,0,0,2.07E-05,0.003386525,0.002296099,0.001235225,0.000688534,0.001403664,0.000756501,5.61E-05,0,0,0,0,0.000401891,0.005969267,0.053525414,0.013167849,0.002065603,0.001105201,3.25E-05,0,0,0,0,0.000762411,0.007464539,0.01929669,0.000641253,0.000723995,0.000103428,0,0,0,0,0,0.000150709,0.002804374,0.006072695,2.36E-05,0,0,0,0,0,0,0,0,0,0,0,0,0,0,0,0,0,0,0,0,0,0,0,0,0,0,0,0,0,0,0,0,0,0,0,0,0,0,0,0,0,0,0,0.000656028,0.000936761,1.48E-05,1.77E-05,5.02E-05,0,0,0,0,0,1.77E-05,0.001908983,0.001968085,0.004314421,0.000768322,0.001031324,0.000401891,1.77E-05,0,0,0,0,0.000333924,0.014793144,0.056728723,0.000960402,0.00106974,0.000171395,0,0,0,0,0,0.000425532,0.008218085,0.004018913,0.00035461,6.50E-05,0,0,0,0,0,0,0,0.000150709,0.000127069,0,0,0,0,0,0,0,0,0,0,0,0,0,0,0,0,0,0,0,0,0,0,0,0,0,0,0,0,0,0,0,0,0,0,0,0,0,0,0,0,0,0,0,0,0.001338652,0.000848109,6.21E-05,4.43E-05,7.39E-05,5.91E-06,0,0,0,0,0,0.000466903,0.005295508,0.018333333,0.00089539,0.000564421,0.000112293,0,0,0,0,0,0.000481678,0.007378842,0.006022459,0.000304374,0.000227541,0,0,0,0,0,0,5.91E-06,0.001524823,0.000771277,0,0,0,0,0,0,0,0,0,0,0,0,0,0,0,0,0,0,0,0,0,0,0,0,0,0,0,0,0,0,0,0,0,0,0,0,0,0,0,0,0,0,0,0,0,8.87E-06,0,0,0,0,0,0,0,0,0,0.000806738,0.001985816,0.002562057,0.000124113,5.91E-05,1.48E-05,0,0,0,0,0,6.21E-05,0.008073286,0.00338357,0.000221631,0.000171395,0,0,0,0,0,0,0.000156619,0.001347518,0.001681442,3.84E-05,0,0,0,0,0,0,0,0,0,0,0,0,0,0,0,0,0,0,0,0,0,0,0,0,0,0,0,0,0,0,0,0,0,0,0,0,0,0,0,0,0,0,0,0,0,0,0,0,0,0,0,0,0,0,0,8.57E-05,5.91E-06,0,0,0,0,0,0,0,0,0.000265957,0.006315012,0.005777187,7.09E-05,3.55E-05,0,0,0,0,0,0,6.21E-05,0.001468676,0.003392435,4.43E-05,0,0,0,0,0,0,0,0,2.96E-06,0,0,0,0,0,0,0,0,0,0,0,0,0,0,0,0,0,0,0,0,0,0,0,0,0,0,0,0,0,0,0,0,0,0,0,0,0,0,0,0,0,0,0,0,0,0,0,0,0,0,0,0,0,0,0,0,0,0.000336879,0.008667258,0,0,0,0,0,0,0,0,0.000112293,0.071740544,0.025032506,0.000200946,0,0,0,0,0,0,0,0,0.000322104,1.18E-05,0,0,0,0,0,0,0,0,0,0,0,0,0,0,0,0,0,0,0,0,0,0,0,0,0,0,0,0,0,0,0,0,0,0,0,0,0,0,0,0,0,0,0,0,0,0,0,0,0,0,0,0,0,0,0,0,0,0,0,0,0,0,0,0,0,0,0,0.001155437,0.007109929,2.36E-05,0,0,0,0,0,0,0,0,0.000978132,0
9,0.061928289,0.071789987,0.059547195,0.039486477,0.017223247,0.00283747,0.000198425,0,0,0,3.97E-05,0.000992123,0.005258249,0.017620096,0.029644622,0.023652202,0.010060123,0.000634958,0,0,0,0.000119055,9.92E-05,0.000119055,0.000694486,0.002976368,0.006190845,0.00591305,0.003016053,0,0,0,0,0,1.98E-05,0.000138897,0.000238109,0.00081354,0.006766276,0.002123142,0,0,0,0,0,0,1.98E-05,7.94E-05,0.001468341,0.000932595,0,0,0,0,0,0,0,0,0,1.98E-05,0,0,0,0,0,0,0,0,0,0,0,0,0,0,0,0,0,0,0,0,0.006865488,0.024406215,0.009822013,0.002956525,0.000575431,3.97E-05,1.98E-05,0,0,0,0.000555589,0.016885926,0.020794889,0.022739449,0.022025121,0.013453182,0.003194635,0.000535746,0,0,0,0.000257952,0.000873068,0.001706451,0.004563764,0.012183265,0.011707046,0.005496359,9.92E-05,0,0,0,3.97E-05,0.00015874,0.000257952,0.000357164,0.001904875,0.002361252,0.001111177,0.000198425,0,0,0,0,1.98E-05,3.97E-05,1.98E-05,0.000277794,0.000714328,0.000436534,0,0,0,0,0,0,0,0,0,1.98E-05,0,0,0,0,0,0,0,0,0,0,0,0,0,0,0,0,0,0,0,0,1.98E-05,3.97E-05,0.000297637,0.000456376,1.98E-05,0,0,0,0,0,0.00015874,0.006647221,0.011964998,0.006428954,0.00517888,0.001230232,0.000198425,5.95E-05,0,0,0,0.000238109,0.002083457,0.00712344,0.011885628,0.014227037,0.01206421,0.004385182,0.000674643,0,0,0,0.000119055,0.00097228,0.001031807,0.001547711,0.005536044,0.005297934,0.002381094,0.000119055,0,0,0,0,0.000138897,5.95E-05,9.92E-05,0.00105165,0.001289759,0.000218267,0,0,0,0,0,0,0,3.97E-05,0.000119055,0.000119055,0,0,0,0,0,0,0,0,0,0,0,0,0,0,0,0,0,0,0,0,0,0,1.98E-05,5.95E-05,0,0,0,0,0,0,1.98E-05,0.000436534,0.000754013,0.000436534,0.00121039,0.000396849,3.97E-05,0,0,0,0,0.000476219,0.006468639,0.010833978,0.008929103,0.006865488,0.003869278,0.001071492,0.00015874,1.98E-05,0,0,7.94E-05,0.000377007,0.002142985,0.006349584,0.010099808,0.007817926,0.00194456,7.94E-05,0,0,0,1.98E-05,3.97E-05,0.000178582,0.001091335,0.001964403,0.002123142,0.000357164,0,0,0,0,0,0,0,0.00015874,0.000535746,0.000178582,0,0,0,0,0,0,0,0,0,0,0,0,0,0,0,0,0,0,0,0,0,0,0,0,0,0,0,0,0,0,0,0,0,1.98E-05,0.000337322,7.94E-05,1.98E-05,0,0,0,0,0,0.002639046,0.004464551,0.002142985,0.001765978,0.000396849,5.95E-05,0,0,0,0,0.000238109,0.004444709,0.006468639,0.006508324,0.006686906,0.005377304,0.001091335,0.000138897,0,0,0,0,5.95E-05,0.000436534,0.003452586,0.004365339,0.002381094,0.000257952,0,0,0,0,0,3.97E-05,0,0.000317479,0.001567554,0.000476219,0,0,0,0,0,0,0,0,1.98E-05,3.97E-05,0,0,0,0,0,0,0,0,0,0,0,0,0,0,0,0,0,0,0,0,0,0,0,0,0,0,0,0,0,0,0,0,0,0.000238109,0.000535746,0.000277794,9.92E-05,0,0,0,0,0,9.92E-05,0.009722801,0.007738556,0.002222355,0.001508026,0.001765978,0.000178582,0,0,0,0,7.94E-05,0.000674643,0.002004088,0.003849435,0.005774153,0.004722503,0.000297637,0,0,0,0,0,0.000555589,0.000238109,0.000992123,0.001686608,0.000714328,0,0,0,0,0,0,0,0,0.000297637,0.000357164,0,0,0,0,0,0,0,0,0,0,0,0,0,0,0,0,0,0,0,0,0,0,0,0,0,0,0,0,0,0,0,0,0,0,5.95E-05,0,0,0,0,0,0,0,0,0.001885033,0.000754013,0.000754013,0.000178582,0,3.97E-05,0,0,0,0,0.000634958,0.008869576,0.003393059,0.001845348,0.002262039,0.002361252,7.94E-05,0,0,0,0,0,0.000595274,0.002301724,0.002063615,0.002440621,0.000754013,0,0,0,0,0,1.98E-05,0.000416691,3.97E-05,0.000694486,0.000476219,0,0,0,0,0,0,0,0,0,0,0,0,0,0,0,0,0,0,0,0,0,0,0,0,0,0,0,0,0,0,0,0,0,0,0,0,0,0,0,0,0,0,0,0,0,9.92E-05,1.98E-05,0,0,0,0,0,0,1.98E-05,0.006091632,0.00388912,0.000754013,0.000476219,5.95E-05,5.95E-05,0,0,0,0,0.000912753,0.007857611,0.005218565,0.002063615,0.000853225,0.000198425,0,0,0,0,0,7.94E-05,0.00218267,0.001468341,0.001666766,0.000357164,0,0,0,0,0,0,1.98E-05,0,0,0,0,0,0,0,0,0,0,0,0,0,0,0,0,0,0,0,0,0,0,0,0,0,0,0,0,0,0,0,0,0,0,0,0,0,0,0,0,0,0,0,0,0,0,0,0.000119055,7.94E-05,0.00015874,3.97E-05,0,0,0,0,0,0,0.000377007,0.014147668,0.016766871,0.000754013,0.000138897,0,0,0,0,0,0,0.000198425,0.00825446,0.020814731,0.003531956,0.000456376,0,0,0,0,0,0,5.95E-05,0.000773856,0.000734171,5.95E-05,0,0,0,0,0,0,0,0,0,0,0,0,0,0,0,0,0,0,0,0,0,0,0,0,0,0,0,0,0,0,0,0,0,0,0,0,0,0,0,0,0,0,0,0,0,0,0,0,0,0,0,0,0,0,1.98E-05,0.000396849,0.00015874,0.000178582,0,0,0,0,0,0,0,7.94E-05,0.003016053,0.006488481,0.002043772,0.000535746,0,0,0,0,0,0,9.92E-05,0.00105165,0.002758101,5.95E-05
10,0.017288578,0.024816848,0,0,0,0,0,0,0,0,0,0.001081022,0.00021776,0,0,0,0,0,0,0,0,0,0,0,0,0,0,0,0,0,0,0,0,0,0,0,0,0,0,0,0,0,0,0,0,0,0,0,0,0,0,0,0,0,0,0,0,0,0,0,0,0,0,0,0,0,0,0,0,0,0,0,0,0,0,0,0,0,0,0,0.000209983,0.009208132,0,0,0,0,0,0,0,0,0,0.042813146,0.053452272,0.002340919,0,0,0,0,0,0,0,0,0,0.000295531,0,0,0,0,0,0,0,0,0,0,0,0,0,0,0,0,0,0,0,0,0,0,0,0,0,0,0,0,0,0,0,0,0,0,0,0,0,0,0,0,0,0,0,0,0,0,0,0,0,0,0,0,0,0,0,0,0,8.55E-05,0,0,0,0,0,0,0,0,0,0.000699942,0.034413837,0.002302033,0,0,0,0,0,0,0,0,0.010444697,0.038963463,0.00263645,0,0,0,0,0,0,0,0,0,0,0,0,0,0,0,0,0,0,0,0,0,0,0,0,0,0,0,0,0,0,0,0,0,0,0,0,0,0,0,0,0,0,0,0,0,0,0,0,0,0,0,0,0,0,0,0,0,0,0,0,0,0,0,0,0,0,0,0.000622171,3.11E-05,0,0,0,0,0,0,0,0,0.000295531,0.031162993,0.01301893,0,0,0,0,0,0,0,0,0.000132211,0.017622995,0.001034359,0,0,0,0,0,0,0,0,0,0,0,0,0,0,0,0,0,0,0,0,0,0,0,0,0,0,0,0,0,0,0,0,0,0,0,0,0,0,0,0,0,0,0,0,0,0,0,0,0,0,0,0,0,0,0,0,1.56E-05,0,0,0,0,0,0,0,0,0,0,0.000661057,0.000124434,0,0,0,0,0,0,0,0,7.78E-06,0.021107153,0.019590611,7.78E-06,0,0,0,0,0,0,0,0,0.003678586,5.44E-05,0,0,0,0,0,0,0,0,0,0,0,0,0,0,0,0,0,0,0,0,0,0,0,0,0,0,0,0,0,0,0,0,0,0,0,0,0,0,0,0,0,0,0,0,0,0,0,0,0,0,0,0,0,0,0,0,2.33E-05,0.000155543,0,0,0,0,0,0,0,0,0,0.0002722,0.001174348,0,0,0,0,0,0,0,0,0,0.021830427,0.039391206,0,0,0,0,0,0,0,0,0,0,0,0,0,0,0,0,0,0,0,0,0,0,0,0,0,0,0,0,0,0,0,0,0,0,0,0,0,0,0,0,0,0,0,0,0,0,0,0,0,0,0,0,0,0,0,0,0,0,0,0,0,0,0,0,0,0,0,1.56E-05,0.000101103,0,0,0,0,0,0,0,0,0,6.22E-05,0.022841455,0,0,0,0,0,0,0,0,0,0.018284052,0.019925028,0,0,0,0,0,0,0,0,0,0,0,0,0,0,0,0,0,0,0,0,0,0,0,0,0,0,0,0,0,0,0,0,0,0,0,0,0,0,0,0,0,0,0,0,0,0,0,0,0,0,0,0,0,0,0,0,0,0,0,0,0,0,0,0,0,0,0,0,3.11E-05,0,0,0,0,0,0,0,0,0,0,0.066494533,0,0,0,0,0,0,0,0,0,0.222729464,0.031505187,0,0,0,0,0,0,0,0,0,0,0,0,0,0,0,0,0,0,0,0,0,0,0,0,0,0,0,0,0,0,0,0,0,0,0,0,0,0,0,0,0,0,0,0,0,0,0,0,0,0,0,0,0,0,0,0,0,0,0,0,0,0,0,0,0,0,0,0,3.11E-05,0,0,0,0,0,0,0,0,0,0.015212083,0.189466644,0,0,0,0,0,0,0,0,0,0,0,0,0,0,0,0,0,0,0,0,0,0,0,0,0,0,0,0,0,0,0,0,0,0,0,0,0,0,0,0,0,0,0,0,0,0,0,0,0,0,0,0,0,0,0,0,0,0,0,0,0,0,0,0,0,0,0,0,0,7.78E-06,0,0,0,0,0,0,0,0,0,7.78E-06,0,0,0,0,0,0,0,0,0,0,0
11,0.167590661,0.000298063,0,0,0,0,0,0,0,0,0,5.96E-05,0,0,0,0,0,0,0,0,0,0,0,0,0,0,0,0,0,0,0,0,0,0,0,0,0,0,0,0,0,0,0,0,0,0,0,0,0,0,0,0,0,0,0,0,0,0,0,0,0,0,0,0,0,0,0,0,0,0,0,0,0,0,0,0,0,0,0,0,0.000278192,0.001450571,0,0,0,0,0,0,0,0,0,0.003060109,0.005305514,0,0,0,0,0,0,0,0,0,0,3.97E-05,0,0,0,0,0,0,0,0,0,0,0,0,0,0,0,0,0,0,0,0,0,0,0,0,0,0,0,0,0,0,0,0,0,0,0,0,0,0,0,0,0,0,0,0,0,0,0,0,0,0,0,0,0,0,0,0,0,0,0,0,0,0,0,0,0,0,0,0.000417288,0.010611028,0.001847988,0,0,0,0,0,0,0,0,0.004371585,0.016154993,0.000377546,0,0,0,0,0,0,0,0,0,0,0,0,0,0,0,0,0,0,0,0,0,0,0,0,0,0,0,0,0,0,0,0,0,0,0,0,0,0,0,0,0,0,0,0,0,0,0,0,0,0,0,0,0,0,0,0,0,0,0,0,0,0,0,0,0,0,0,3.97E-05,7.95E-05,0,0,0,0,0,0,0,0,0.00188773,0.061639344,0.018002981,0,0,0,0,0,0,0,0,0.006418281,0.028256334,0.000278192,0,0,0,0,0,0,0,0,0,0,0,0,0,0,0,0,0,0,0,0,0,0,0,0,0,0,0,0,0,0,0,0,0,0,0,0,0,0,0,0,0,0,0,0,0,0,0,0,0,0,0,0,0,0,0,0,0,0,0,0,0,0,0,0,0,0,0,0.006438152,0.000437158,7.95E-05,0,0,0,0,0,0,0,0.016492797,0.223686041,0.020069548,0,0,0,0,0,0,0,0,7.95E-05,0.003854943,0,0,0,0,0,0,0,0,0,0,0,0,0,0,0,0,0,0,0,0,0,0,0,0,0,0,0,0,0,0,0,0,0,0,0,0,0,0,0,0,0,0,0,0,0,0,0,0,0,0,0,0,0,0,0,0,0,0,0,0,0,0,0,0,0,0,0,0,0.042781918,0.015340288,0.000139096,0,0,0,0,0,0,0,0.001728763,0.109667163,0.007908594,0,0,0,0,0,0,0,0,0,0.000178838,0,0,0,0,0,0,0,0,0,0,0,0,0,0,0,0,0,0,0,0,0,0,0,0,0,0,0,0,0,0,0,0,0,0,0,0,0,0,0,0,0,0,0,0,0,0,0,0,0,0,0,0,0,0,0,0,0,0,0,0,0,0,0,0,0,0,0,0,0.020149031,0.039940387,0.000139096,0,0,0,0,0,0,0,0,0.068077496,0.000357675,0,0,0,0,0,0,0,0,0,0,0,0,0,0,0,0,0,0,0,0,0,0,0,0,0,0,0,0,0,0,0,0,0,0,0,0,0,0,0,0,0,0,0,0,0,0,0,0,0,0,0,0,0,0,0,0,0,0,0,0,0,0,0,0,0,0,0,0,0,0,0,0,0,0,0,0,0,0,0.081231992,0.012697466,3.97E-05,0,0,0,0,0,0,0,0,0,0,0,0,0,0,0,0,0,0,0,0,0,0,0,0,0,0,0,0,0,0,0,0,0,0,0,0,0,0,0,0,0,0,0,0,0,0,0,0,0,0,0,0,0,0,0,0,0,0,0,0,0,0,0,0,0,0,0,0,0,0,0,0,0,0,0,0,0,0,0,1.99E-05,0,0,0,0,0,0,0,0,0,0,0,0,0,0,0,0,0,0,0,0,0,0,0,0,0,0,0,0,0,0,0,0,0,0,0,0,0,0,0,0,0,0,0,0,0,0,0,0,0,0,0,0,0,0,0,0,0,0,0,0,0,0,0,0,0,0,0,0,0,0,0,0,0,0,0,0,0,0,0,0,0,0,0,0,0,0,0,0,0,0,0,0,0,0,0,0,0,0,0,0,0
12,0.01234347,0.006837607,0,0,0,0,0,0,0,0,0,0.010375671,0.004591532,0,0,0,0,0,0,0,0,0,0.001590141,7.95E-05,0,0,0,0,0,0,0,0,0,0,0,0,0,0,0,0,0,0,0,0,0,0,0,0,0,0,0,0,0,0,0,0,0,0,0,0,0,0,0,0,0,0,0,0,0,0,0,0,0,0,0,0,0,0,0,0,7.95E-05,0.00061618,0,0,0,0,0,0,0,0,1.99E-05,0.012880143,0.013237925,0.000397535,0,0,0,0,0,0,0,0,0.009858875,0.030232558,1.99E-05,0,0,0,0,0,0,0,0,0.000636056,3.98E-05,0,0,0,0,0,0,0,0,0,0,0,0,0,0,0,0,0,0,0,0,0,0,0,0,0,0,0,0,0,0,0,0,0,0,0,0,0,0,0,0,0,0,0,0,0,0,0,0,0,0,0,0,0,0,0,3.98E-05,0.000636056,0.002524349,0.000119261,0,0,0,0,0,0,0,0,0.003697078,0.035002982,0.007632677,1.99E-05,0,0,0,0,0,0,0,0.011926058,0.057841383,5.96E-05,0,0,0,0,0,0,0,0,0,0,0,0,0,0,0,0,0,0,0,0,0,0,0,0,0,0,0,0,0,0,0,0,0,0,0,0,0,0,0,0,0,0,0,0,0,0,0,0,0,0,0,0,0,0,0,9.94E-05,0,0,0,0,0,0,0,0,0,3.98E-05,0.000695687,0.002862254,0.0019678,1.99E-05,0,0,0,0,0,0,0,0.00135162,0.104193997,0.066964818,0,0,0,0,0,0,0,0,0.001530511,0.044523952,0.000457166,0,0,0,0,0,0,0,0,0,0,0,0,0,0,0,0,0,0,0,0,0,0,0,0,0,0,0,0,0,0,0,0,0,0,0,0,0,0,0,0,0,0,0,0,0,0,0,0,0,0,0,0,0,0,0,5.96E-05,0.000357782,0,0,0,0,0,0,0,0,0,0.000516796,0.004889684,0.012244087,0,0,0,0,0,0,0,0,1.99E-05,0.064440469,0.054939376,0,0,0,0,0,0,0,0,0,0.000556549,1.99E-05,0,0,0,0,0,0,0,0,0,0,0,0,0,0,0,0,0,0,0,0,0,0,0,0,0,0,0,0,0,0,0,0,0,0,0,0,0,0,0,0,0,0,0,0,0,0,0,0,0,0,0,0,0,0,0,0.000159014,0.000695687,0.000119261,0,0,0,0,0,0,0,0,0.000238521,0.003597694,0.037070165,0.000198768,0,0,0,0,0,0,0,0,0.013039157,0.023534089,0,0,0,0,0,0,0,0,0,0,0,0,0,0,0,0,0,0,0,0,0,0,0,0,0,0,0,0,0,0,0,0,0,0,0,0,0,0,0,0,0,0,0,0,0,0,0,0,0,0,0,0,0,0,0,0,0,0,0,0,0,0,0,0,0,0,0.000198768,0.001252236,0.001331743,1.99E-05,0,0,0,0,0,0,0,0,0.00337905,0.044046909,0.005545617,0,0,0,0,0,0,0,0,0.001629895,0.009361956,0,0,0,0,0,0,0,0,0,0,0,0,0,0,0,0,0,0,0,0,0,0,0,0,0,0,0,0,0,0,0,0,0,0,0,0,0,0,0,0,0,0,0,0,0,0,0,0,0,0,0,0,0,0,0,0,0.000337905,3.98E-05,0,0,0,0,0,0,0,0,0.000139137,0.00276287,0.002961638,0.000695687,0,0,0,0,0,0,0,0,0.001590141,0.046054462,0.002961638,0,0,0,0,0,0,0,0,0,0.000218644,0,0,0,0,0,0,0,0,0,0,0,0,0,0,0,0,0,0,0,0,0,0,0,0,0,0,0,0,0,0,0,0,0,0,0,0,0,0,0,0,0,0,0,0,0,0,0,0,0,0,0,0,0,0,0,0,0.143351222,0.013476446,0,0,0,0,0,0,0,0,0.001808786,0.003279666,0.017253031,0.00540648,0,0,0,0,0,0,0,0,0.000298151,0.001987676,0,0,0,0,0,0,0,0,0,0,0,0,0,0,0,0,0,0,0,0,0,0,0,0,0,0,0,0,0,0,0,0,0,0,0,0,0,0,0,0,0,0,0,0,0,0,0,0,0,0,0,0,0,0,0,0,0.010912343,0.010395548,0,0,0,0,0,0,0,0,0.000417412,0.001510634,0.000477042,0,0,0,0,0,0,0,0,0,0.000159014,0
13,0.035863551,0.030390479,0.014846953,0.004338654,0.003283843,0.005234248,0.004736695,0.002447956,0.000199021,0,1.99E-05,0.001671775,0.009951041,0.029415277,0.022708275,0.00497552,0.001592167,0.000437846,0,0,0,0,0,0.002428054,0.006607491,0.023862596,0.01166262,0.000238825,1.99E-05,0,0,0,0,0,3.98E-05,0.000238825,0.001214027,0.001413048,0.000338335,0,0,0,0,0,0,0,0,0.000736377,0.000636867,9.95E-05,0,0,0,0,0,0,0,0,0.000199021,5.97E-05,0,0,0,0,0,0,0,0,0,0,0,0,0,0,0,0,0,0,0,0,0.002706683,0.00726426,0.00201011,0.00057716,0.000557258,0.001034908,0.001373244,0.001890698,0.000736377,0,0.000119412,0.005015325,0.009692314,0.008975839,0.007542889,0.001293635,0.001592167,0.001990208,0.001791187,1.99E-05,0,1.99E-05,0.000139315,0.001811089,0.022927198,0.046013613,0.015444015,0.000776181,0.000179119,0,0,0,0,1.99E-05,7.96E-05,0.001651873,0.02093699,0.010388887,0.001313537,1.99E-05,0,0,0,0,0,0,0.000159217,0.001015006,0.001811089,0.000179119,0,0,0,0,0,0,0,3.98E-05,0.001174223,0.000895594,0,0,0,0,0,0,0,0,0,3.98E-05,0,0,0,0,0,0,0,0,0,0,0.001393146,0.000318433,0.000238825,0,7.96E-05,5.97E-05,9.95E-05,0.000199021,0.000139315,0,0.000338335,0.001015006,0.002109621,0.001691677,0.000835887,0.000318433,0.000238825,0.000616965,0.000696573,9.95E-05,0,5.97E-05,0.000736377,0.004239143,0.005910918,0.015045974,0.001452852,0.000696573,0.000298531,5.97E-05,0,0,0,5.97E-05,0.000119412,0.009413685,0.056283087,0.016936672,0.000756279,0.000159217,0,0,0,0,0,7.96E-05,0.000537356,0.006269156,0.002845998,0.000278629,0,0,0,0,0,0,0,0.000199021,0.000875692,0.001094614,0,0,0,0,0,0,0,0,3.98E-05,0.000218923,0,0,0,0,0,0,0,0,0,0,0.000696573,1.99E-05,0,1.99E-05,0,0,1.99E-05,1.99E-05,0,0,0.001711579,0.0009553,0.000199021,0.000159217,0.000139315,0.000298531,7.96E-05,0.000159217,3.98E-05,0,3.98E-05,0,9.95E-05,0.000557258,0.00201011,0.000975202,0.000199021,0.000119412,5.97E-05,1.99E-05,0,0,0,3.98E-05,0.001572264,0.006607491,0.031465191,0.011642718,0.00037814,9.95E-05,0,0,0,0,3.98E-05,9.95E-05,0.002209131,0.039505632,0.012359193,0.001373244,0,0,0,0,0,0,0,0.00037814,0.00238825,0.001612069,0,0,0,0,0,0,0,0,0.000995104,0.001233929,0,0,0,0,0,0,0,0,0,0,0.000119412,0,0,0,0,0,0,0,0,0,0.006269156,0.001870796,1.99E-05,1.99E-05,5.97E-05,0,0,0,1.99E-05,0.000119412,0.000139315,0.000437846,0.000238825,0.000238825,0.000199021,5.97E-05,7.96E-05,5.97E-05,7.96E-05,1.99E-05,0,0,3.98E-05,1.99E-05,0.000616965,0.003084823,0.003642081,0.000656769,0.000338335,7.96E-05,0,0,0,0,3.98E-05,0.000676671,0.011782032,0.030489989,0.019603551,0.000935398,0,0,0,0,0,0,1.99E-05,0.000537356,0.012458703,0.003084823,0,0,0,0,0,0,0,1.99E-05,0.002129523,0.0038212,0,0,0,0,0,0,0,0,0.000119412,0.000159217,1.99E-05,0,0,0,0,0,0,0,0,0,0.006488079,0.006667197,5.97E-05,0,0,0,0,0,0,0,0.000358237,0.00678661,0.00047765,7.96E-05,1.99E-05,3.98E-05,0,0,0,0,0,0,3.98E-05,0.000159217,0.000278629,0.000258727,0.000218923,0,3.98E-05,5.97E-05,0,0,0,0,7.96E-05,0.000616965,0.004716793,0.028081837,0.004099829,0.000736377,0,0,0,0,0,0,0.000199021,0.005492975,0.035365999,0.006906022,0,0,0,0,0,0,0,5.97E-05,0.000895594,0.001393146,0,0,0,0,0,0,0,0,0.00037814,0.000218923,0,0,0,0,0,0,0,0,0,0,7.96E-05,0.000358237,3.98E-05,0,0,0,0,0,0,0,7.96E-05,0.008080245,0.002030012,0.000119412,1.99E-05,0,0,0,0,0,0,7.96E-05,0.000437846,0.000417944,0.000159217,7.96E-05,1.99E-05,1.99E-05,0,0,0,0,0,0,3.98E-05,0.000159217,0.000895594,0.000776181,0.000218923,5.97E-05,0,0,0,0,0,5.97E-05,0.000218923,0.007025435,0.028420173,0.009115153,0,0,0,0,0,0,0,0.000119412,0.00429885,0.010627712,0,0,0,0,0,0,0,0,0.000258727,1.99E-05,0,0,0,0,0,0,0,0,0,0,0,0,0,0,0,0,0,0,0,0,0,0.001333439,0.001890698,0,0,0,0,0,0,0,0,1.99E-05,0.001572264,0.000398042,5.97E-05,0,0,0,0,0,0,0,0,0,1.99E-05,5.97E-05,3.98E-05,0,0,0,0,0,0,0,0,0,0.000119412,0.000756279,0.005194443,0.001631971,0,0,0,0,0,0,0,7.96E-05,0.011642718,0.013971261,0,0,0,0,0,0,0,0,0,0,0,0,0,0,0,0,0,0,0,0,0,0,0,0,0,0,0,0,0,0,0,0,0,0,0,0,0,0,0,0,0,0,5.97E-05,5.97E-05,0,0,0,0,0,0,0,0,0,5.97E-05,0.000119412,0,0,0,0,0,0,0,0,0,0,0,0,0.000119412,1.99E-05,1.99E-05,0,0,0,0,0,0,0,0.000119412,0.003482864,0.003721689,0,0,0,0,0,0,0,0,5.97E-05,0.000179119,0,0,0,0,0,0,0,0,0,0,0,0,0,0,0,0,0,0,0,0,0,0,0,0,0,0,0,0,0,0,0,0,0,0,0,0,0,0,0,0,0,0,0,0,0,0,0,0,0,0,0,0,0,0,0,0,0,1.99E-05,0,0,0,0,0,0,0,0,0,0,9.95E-05,0.000139315,0,0,0,0,0,0,0,0,1.99E-05,0
14,0.213317063,0.033880627,0.012041809,0.007598358,0.001977124,0.001772212,0.002826308,0.001462075,0.000116301,0,0.000156915,0.000725499,0.001574684,0.006573798,0.019654936,0.01707969,0.000188297,5.91E-05,4.06E-05,0,0,7.57E-05,6.28E-05,1.29E-05,8.31E-05,0.005527085,0.009344725,0.000317521,1.48E-05,0,0,1.85E-06,1.48E-05,2.58E-05,1.85E-06,0,1.48E-05,0.000275062,0.004760973,0.000175375,0,0,0,3.69E-06,1.66E-05,0,0,0,2.03E-05,0,0,0,0,0,0,0,0,0,0,0,0,0,0,0,0,0,0,0,0,0,0,0,0,0,0,0,0,0,0,0,0.006023674,0.045741523,0.00013107,0.000125532,0.000127378,0.00021045,0.000607352,0.001809133,0.001013484,1.11E-05,0.000478128,0.025940749,0.003221364,0.002900151,0.004825585,0.005868605,0.000714423,0.002542016,0.072025638,0.006950393,0,1.85E-06,8.12E-05,0.000393209,0.001642988,0.012601164,0.026686555,0.000863953,1.85E-05,3.69E-06,0,0,9.23E-06,2.95E-05,3.69E-06,3.51E-05,0.006088286,0.013703258,0.000276908,3.69E-06,0,0,0,9.23E-06,2.58E-05,9.23E-06,0,0,1.66E-05,0,0,0,0,0,0,1.29E-05,7.38E-06,0,0,0,0,0,0,0,0,0,0,0,0,0,0,0,0,0,0,0,0,0,0,0,0,0,0,0,0,0,0,0,0,0,9.23E-06,0.012361177,0.010913871,0.000276908,8.31E-05,0.00012184,0.000193836,0.000308291,0.002355565,0.000564892,0,0.00108548,0.005418168,0.001735291,0.001465767,0.001460229,0.001770366,0.000439361,0.000524279,3.88E-05,0,0,0,2.95E-05,6.83E-05,0.000729191,0.005706153,0.012842997,0.00012184,0,0,0,0,3.32E-05,2.58E-05,1.85E-06,2.22E-05,0.006093824,0.001011638,0,0,0,0,0,1.85E-06,3.32E-05,7.38E-06,0,0,0,0,0,0,0,0,0,5.54E-06,0,0,0,0,0,0,0,0,0,0,0,0,0,0,0,0,0,0,0,0,0,0,0,0,3.69E-05,0.00094518,0,0,0,0,0,1.85E-06,0,0,0.00116486,0.015951752,0.012911301,0.000609198,0.000267678,0.000158761,0.000116301,0.000295369,2.58E-05,0,0,5.35E-05,0.000928565,0.000736575,0.001281161,0.001460229,0.001587606,0.000197528,5.17E-05,0,0,0,1.85E-06,1.66E-05,5.54E-06,0.000524279,0.007997105,0.002309413,0,0,0,0,0,9.23E-06,3.32E-05,2.77E-05,0,0,0,0,0,0,0,0,0,1.66E-05,1.48E-05,0,0,0,0,0,0,0,0,0,0,0,0,0,0,0,0,0,0,0,0,0,0,0,0,0,0,0,0,0,0,0,0,0,0,0.001630066,0.004764665,3.69E-06,0,0,0,0,0,0,0,0.000926719,0.036027587,0.007971261,0.001414077,0.00108548,0.000419054,0.000319367,8.31E-05,0,0,0,0,0.000863953,0.000666425,0.003333973,0.001403001,0.000215988,3.32E-05,0,0,0,0,0,5.17E-05,2.40E-05,2.22E-05,9.05E-05,0,0,0,0,0,0,0,3.14E-05,2.40E-05,0,0,0,0,0,0,0,0,0,0,0,0,0,0,0,0,0,0,0,0,0,0,0,0,0,0,0,0,0,0,0,0,0,0,0,0,0,0,0,0,0,0,0,0,0,7.02E-05,0.000780881,4.06E-05,3.69E-06,2.40E-05,1.66E-05,1.85E-06,0,0,0,0,0.003483504,0.00473882,0.011451072,0.005791071,0.000461513,0.000155069,0,0,0,0,0,0,0.007112846,0.005541854,1.48E-05,0,0,0,0,0,0,0,7.75E-05,9.05E-05,1.85E-06,0,0,0,0,0,0,0,0,1.85E-06,0,0,0,0,0,0,0,0,0,0,0,0,0,0,0,0,0,0,0,0,0,0,0,0,0,0,0,0,0,0,0,0,0,0,0,0,0,0,0,0,0,0,0,0,0,0,0,1.85E-06,0.000579661,0.001157476,0.000278754,5.17E-05,0,0,0,0,0,0,0.003186289,0.070306962,0.018672835,0.000105225,0,0,0,0,0,0,7.38E-06,0.000452283,0.000129224,1.85E-06,0,0,0,0,0,0,0,0,0,0,0,0,0,0,0,0,0,0,0,0,0,0,0,0,0,0,0,0,0,0,0,0,0,0,0,0,0,0,0,0,0,0,0,0,0,0,0,0,0,0,0,0,0,0,0,0,0,0,0,0,0,0,0,0,0,0,3.69E-06,0.010036995,0.03638203,1.66E-05,0,0,0,0,0,0,0,0.002047274,0.048833663,0,0,0,0,0,0,0,0,0,0,0,0,0,0,0,0,0,0,0,0,0,0,0,0,0,0,0,0,0,0,0,0,0,0,0,0,0,0,0,0,0,0,0,0,0,0,0,0,0,0,0,0,0,0,0,0,0,0,0,0,0,0,0,0,0,0,0,0,1.85E-06,0,0,0,0,0,0,0,0,0,0.000158761,0.003084756,2.40E-05,0,0,0,0,0,0,0,0,5.54E-06,0,0,0,0,0,0,0,0,0,0,0,0,0,0,0,0,0,0,0,0,0,0,0,0,0,0,0,0,0,0,0,0,0,0,0,0,0,0,0,0,0,0,0,0,0,0,0,0,0,0,0,0,0,0,0,0,0,0,0,0,0,0,0,0,0,0,0,0,0,7.38E-06,1.48E-05,0,0,0,0,0,0,0,0,0,0
15,0.031064453,0.028486328,0.002871094,9.77E-06,0,0,0,0,0,0,0.000175781,0.009990234,0.022314453,0.025800781,0.008193359,2.93E-05,0,0,0,0,0,0.001240234,0.008330078,0.000732422,0.00578125,0.009726563,0.000107422,0,0,0,0,0,0,0.001669922,0.002871094,0,0,0,0,0,0,0,0,0,0.000585938,0,0,0,0,0,0,0,0,0,0,0,0,0,0,0,0,0,0,0,0,0,0,0,0,0,0,0,0,0,0,0,0,0,0,0,9.77E-06,1.95E-05,9.77E-06,0,0,0,0,0,0,0,0,0.002167969,0.006816406,0.005214844,0.001845703,0,0,0,0,0,0,0.000107422,0.007685547,0.007460938,0.012705078,0.061416016,0.002783203,0,0,0,0,0,4.88E-05,0.005488281,0.007617188,0.010917969,0.050205078,0.000322266,0,0,0,0,0,0,0.008857422,0.004501953,0,0,0,0,0,0,0,0,0,0,0,0,0,0,0,0,0,0,0,0,0,0,0,0,0,0,0,0,0,0,0,0,0,0,0,0,0,0,0,0,0,0,0,0,0,0.000263672,0.000244141,6.84E-05,6.84E-05,0,0,0,0,0,0,0,0.000449219,0.003232422,0.005537109,0.003779297,1.95E-05,0,0,0,0,0,0,0.002822266,0.009365234,0.016191406,0.101875,0.009199219,0,0,0,0,0,0,0.00234375,0.00203125,0.002841797,0.013798828,0,0,0,0,0,0,0,5.86E-05,9.77E-06,0,0,0,0,0,0,0,0,0,0,0,0,0,0,0,0,0,0,0,0,0,0,0,0,0,0,0,0,0,0,0,0,0,0,5.86E-05,0,0,0,0,0,0,0,0,0,0.000185547,0.002451172,0.001191406,6.84E-05,0.001357422,0,0,0,0,0,0,0,0.000478516,0.003417969,0.007714844,0.0146875,0.000107422,0,0,0,0,0,8.79E-05,0.010019531,0.004023438,0.016757813,0.033701172,0,0,0,0,0,0,0,3.91E-05,0.000224609,0.000136719,0,0,0,0,0,0,0,0,0,0,0,0,0,0,0,0,0,0,0,0,0,0,0,0,0,0,0,0,0,0,0,0,0,0,0,0,0,0,0,0,0,0,0,0,0.000498047,0.000556641,0,0,0,0,0,0,0,0,0.000205078,0.001523438,0.002255859,0.000166016,0.001601563,0.000195313,0,0,0,0,0,0,0.008164063,0.005,0.019882813,0.013896484,0,0,0,0,0,0,9.77E-06,6.84E-05,0.004628906,0.025869141,0.001962891,0,0,0,0,0,0,0,0,0,0,0,0,0,0,0,0,0,0,0,0,0,0,0,0,0,0,0,0,0,0,0,0,0,0,0,0,0,0,0,0,0,0,0,0,0,0,0,0,0,0,0,0,0,1.95E-05,0.0025,0.001962891,0,0,0,0,0,0,0,0,0.000205078,0.005107422,0.008652344,0.005126953,0.000380859,0,0,0,0,0,0,0,0.001542969,0.009853516,0.04359375,0.001132813,0,0,0,0,0,0,0,0,0,0,0,0,0,0,0,0,0,0,0,0,0,0,0,0,0,0,0,0,0,0,0,0,0,0,0,0,0,0,0,0,0,0,0,0,0,0,0,0,0,0,0,0,0,0,3.91E-05,0,0,0,0,0,0,0,0,0,0.000615234,0.005742188,0.011923828,0.000732422,0,0,0,0,0,0,0,2.93E-05,0.003613281,0.012724609,0.014101563,0.00078125,0,0,0,0,0,0,0,1.95E-05,0.001025391,0.001328125,0,0,0,0,0,0,0,0,0,0,0,0,0,0,0,0,0,0,0,0,0,0,0,0,0,0,0,0,0,0,0,0,0,0,0,0,0,0,0,0,0,0,0,0,0,0,0,0,0,0,0,0,0,0,0,0.001113281,0.001464844,0,0,0,0,0,0,0,0,0.000302734,0.023525391,0.018652344,0.004111328,9.77E-06,0,0,0,0,0,0,0,0.001328125,0.007050781,0.002167969,0,0,0,0,0,0,0,0,0,0,0,0,0,0,0,0,0,0,0,0,0,0,0,0,0,0,0,0,0,0,0,0,0,0,0,0,0,0,0,0,0,0,0,0,0,0,0,0,0,0,0,0,0,0,0,0,0,0,0,0,0,0,0,0,0,0,0.00015625,0.001972656,1.95E-05,0,0,0,0,0,0,0,8.79E-05,0.006425781,0.020830078,0.063964844,0,0,0,0,0,0,0,0,9.77E-06,0.00046875,0,0,0,0,0,0,0,0,0,0,0,0,0,0,0,0,0,0,0,0,0,0,0,0,0,0,0,0,0,0,0,0,0,0,0,0,0,0,0,0,0,0,0,0,0,0,0,0,0,0,0,0,0,0,0,0,0,0,0,0,0,0,0,0,0,0,0,0,9.77E-06,0,0,0,0,0,0,0,0,0,0,0,0
16,0.054087302,0.005853175,0.00484127,9.92E-05,0,0,0,0,0,0,0,0.003710317,0.004960317,0.013630952,0.003015873,0,0,0,0,0,0,0,0.000257937,7.94E-05,0,0,0,0,0,0,0,0,0,0,0,0,0,0,0,0,0,0,0,0,0,0,0,0,0,0,0,0,0,0,0,0,0,0,0,0,0,0,0,0,0,0,0,0,0,0,0,0,0,0,0,0,0,0,0,0,0.002261905,0.001388889,0.000297619,0,0,0,0,0,0,0,0.001646825,0.006706349,0.008154762,0.021646825,0.013234127,0,0,0,0,0,0,0,0.002936508,0.00843254,0.068829365,0.016170635,0,0,0,0,0,0,0,0.000376984,0.000178571,0,0,0,0,0,0,0,0,0,0,0,0,0,0,0,0,0,0,0,0,0,0,0,0,0,0,0,0,0,0,0,0,0,0,0,0,0,0,0,0,0,0,0,0,0,0,1.98E-05,0,0,0,0,0,0,0,0,0.000456349,0.001388889,0.004563492,0.000357143,3.97E-05,0,0,0,0,0,0,0.000119048,0.005615079,0.016507937,0.048174603,0.041904762,0.00015873,0,0,0,0,0,0,0.000694444,0.004285714,0.028670635,0.011904762,1.98E-05,0,0,0,0,0,0,1.98E-05,5.95E-05,0,0,0,0,0,0,0,0,0,0,0,0,0,0,0,0,0,0,0,0,0,0,0,0,0,0,0,0,0,0,0,0,0,0,0,0,0,0,0,0,0,0,0,0,0,3.97E-05,0,0,0,0,0,0,0,0,0,0.000357143,0.001706349,0.026964286,0.007916667,0.000337302,0,0,0,0,0,0,1.98E-05,0.008531746,0.02734127,0.036468254,0.018392857,0.000138889,0,0,0,0,0,0,1.98E-05,0.000753968,0.01077381,0.005178571,0,0,0,0,0,0,0,0,0,0,0,0,0,0,0,0,0,0,0,0,0,0,0,0,0,0,0,0,0,0,0,0,0,0,0,0,0,0,0,0,0,0,0,0,0,0,0,0,0,0,0,0,0,0,0.00015873,0.000277778,0,0,0,0,0,0,0,0,0.000297619,0.009742063,0.129900794,0.015892857,0.000793651,0,0,0,0,0,0,0,0.000634921,0.021686508,0.015595238,0.013869048,0.000218254,0,0,0,0,0,0,0,3.97E-05,0.003333333,0.001765873,0,0,0,0,0,0,0,0,0,0,0,0,0,0,0,0,0,0,0,0,0,0,0,0,0,0,0,0,0,0,0,0,0,0,0,0,0,0,0,0,0,0,0,0,0,0,0,0,0,0,0,0,1.98E-05,0.00109127,0.0025,0.004900794,0.001825397,0,0,0,0,0,0,3.97E-05,0.000595238,0.004305556,0.033055556,0.01140873,0.001904762,0,0,0,0,0,0,0,0,0.008134921,0.01484127,0.015456349,0,0,0,0,0,0,0,0,0,0.000337302,0,0,0,0,0,0,0,0,0,0,0,0,0,0,0,0,0,0,0,0,0,0,0,0,0,0,0,0,0,0,0,0,0,0,0,0,0,0,0,0,0,0,0.000178571,0.000654762,7.94E-05,0,0,0,0,0,0,0,0,0.001825397,0.003015873,0.001746032,0.00281746,0.002539683,0,0,0,0,0,0,0,0,0.000277778,0.038234127,0.045515873,0.008472222,0,0,0,0,0,0,0,0,0.000595238,0.012638889,0.000813492,0,0,0,0,0,0,0,0,0,0,0,0,0,0,0,0,0,0,0,0,0,0,0,0,0,0,0,0,0,0,0,0,0,0,0,0,0,0,0,0,0,0,0,0,0,0,0,0,0,0,0,0,0.001011905,0.00047619,0.000674603,3.97E-05,1.98E-05,0,0,0,0,0,0,0,5.95E-05,0.000337302,0.000178571,0.004087302,0,0,0,0,0,0,0,0,0,0.001309524,0.002797619,0.001031746,0,0,0,0,0,0,0,0,0,0.000138889,0,0,0,0,0,0,0,0,0,0,0,0,0,0,0,0,0,0,0,0,0,0,0,0,0,0,0,0,0,0,0,0,0,0,0,0,0,0,0,0,0,0,0,0,0,0,0,0,0,0,0,0,0,0,0,0,0,0,0,0,0,0,0,0,0,0,1.98E-05,5.95E-05,0.000654762,1.98E-05,0,0,0,0,0,0,0,0,0.000238095,0.000119048,0,0,0,0,0,0,0,0,0,0,0,0,0,0,0,0,0,0,0,0,0,0,0,0,0,0,0,0,0,0,0,0,0,0,0,0,0,0,0,0,0,0,0,0,0,0,0,0,0,0,0,0,0,0,0,0,0,0,0,0,0,0,0,0,0,0,0,0,0,0,0,0,0,0,0,0,0,0,0,0
17,0.041676613,0.075614705,0.048141959,0.005948118,0,0,0,0,0,0,0,3.98E-05,0.022081642,0.040323864,0.005410997,0.000159147,0,0,0,0,0,0,0,0,0,1.99E-05,0,0,0,0,0,0,0,0,0,0,0,0,0,0,0,0,0,0,0,0,0,0,0,0,0,0,0,0,0,0,0,0,0,0,0,0,0,0,0,0,0,0,0,0,0,0,0,0,0,0,0,0,0,0,0.001074242,0.003381873,0.001452216,3.98E-05,0,0,0,0,0,0,0,0.002068911,0.028208801,0.092464391,0.071297844,0.002725392,0,0,0,0,0,0,0,0.000656481,0.022976844,0.028109334,0.000755948,0,0,0,0,0,0,0,0,0,0,0,0,0,0,0,0,0,0,0,0,0,0,0,0,0,0,0,0,0,0,0,0,0,0,0,0,0,0,0,0,0,0,0,0,0,0,0,0,0,0,0,0,0,7.96E-05,1.99E-05,0,0,0,0,0,0,0,0,0,0.000477441,0.001133922,0.003083473,0.001332856,7.96E-05,0,0,0,0,0,0,1.99E-05,0.005729291,0.030576112,0.081383783,0.026299037,1.99E-05,0,0,0,0,0,0,0,0.001094135,0.012771545,0.000477441,0,0,0,0,0,0,0,0,0,0,0,0,0,0,0,0,0,0,0,0,0,0,0,0,0,0,0,0,0,0,0,0,0,0,0,0,0,0,0,0,0,0,0,0,0,0,0,0,0,0,0,0,0,1.99E-05,0.00011936,1.99E-05,0,0,0,0,0,0,0,0,7.96E-05,0.000895202,0.004316862,0.004078141,0.001074242,0,0,0,0,0,0,0,0.002665712,0.009906899,0.0384141,0.01404472,3.98E-05,0,0,0,0,0,0,0,0.000139254,0.003521127,9.95E-05,0,0,0,0,0,0,0,0,0,0,0,0,0,0,0,0,0,0,0,0,0,0,0,0,0,0,0,0,0,0,0,0,0,0,0,0,0,0,0,0,0,0,0,0,0,0,0,0,0,0,0,0,0,3.98E-05,7.96E-05,3.98E-05,3.98E-05,0,0,0,0,0,0,0,1.99E-05,0.000895202,0.005570144,0.003819527,0.001511896,3.98E-05,0,0,0,0,0,0,0.001014562,0.005808864,0.017744887,0.002824859,1.99E-05,0,0,0,0,0,0,0,0,1.99E-05,0,0,0,0,0,0,0,0,0,0,0,0,0,0,0,0,0,0,0,0,0,0,0,0,0,0,0,0,0,0,0,0,0,0,0,0,0,0,0,0,0,0,0,0,1.99E-05,0,0,0,0,0,0,0,0,0,1.99E-05,7.96E-05,0.000218827,1.99E-05,0,0,0,0,0,0,0,0,0.002307631,0.011418795,0.00531153,0.001233389,0,0,0,0,0,0,0,0.000198934,0.001452216,0.001611363,0,0,0,0,0,0,0,0,0,0,0,0,0,0,0,0,0,0,0,0,0,0,0,0,0,0,0,0,0,0,0,0,0,0,0,0,0,0,0,0,0,0,0,0,0,0,0,0,0,0,0,0,0,0,0,0,0,0,0,0,0,0,0,0,0,0,0.001173709,0.002824859,0.000895202,0,0,0,0,0,0,0,0,0.004495902,0.012910798,0.001153816,0,0,0,0,0,0,0,0,0,1.99E-05,0,0,0,0,0,0,0,0,0,0,0,0,0,0,0,0,0,0,0,0,0,0,0,0,0,0,0,0,0,0,0,0,0,0,0,0,0,0,0,0,0,0,0,0,0,0,0,0,0,0,0,0,0,0,0,0,0.005291637,7.96E-05,0,0,0,0,0,0,0,0,0.001014562,0.002506565,0.013806,0.001034455,0,0,0,0,0,0,0,0,0.00519217,0.00885255,0,0,0,0,0,0,0,0,0,0,0,0,0,0,0,0,0,0,0,0,0,0,0,0,0,0,0,0,0,0,0,0,0,0,0,0,0,0,0,0,0,0,0,0,0,0,0,0,0,0,0,0,0,0,0,0,0,0,0,0,0,0,0,0,0,0,0,3.98E-05,0.000417761,0,0,0,0,0,0,0,0,0,0.002944219,0.132887722,0.000139254,0,0,0,0,0,0,0,0,1.99E-05,1.99E-05,0,0,0,0,0,0,0,0,0,0,0,0,0,0,0,0,0,0,0,0,0,0,0,0,0,0,0,0,0,0,0,0,0,0,0,0,0,0,0,0,0,0,0,0,0,0,0,0,0,0,0,0,0,0,0,0,0,0,0,0,0,0,0,0,0,0,0,1.99E-05,0.000218827,0,0,0,0,0,0,0,0,0,1.99E-05,0
18,0.071329061,0.042849182,0.004418262,1.99E-05,0,0,0,0,0,0,0.00736377,0.040898778,0.01462803,0.0047765,0.00037814,0,0,0,0,0,0,0.002348446,0.009791824,0.000417944,0.000119412,3.98E-05,0,0,0,0,0,0,0.000159217,0.000179119,0,0,0,0,0,0,0,0,0,0,0,0,0,0,0,0,0,0,0,0,0,0,0,0,0,0,0,0,0,0,0,0,0,0,0,0,0,0,0,0,0,0,0,0,0,0,0.001353342,0.004836206,0.000258727,0,0,0,0,0,0,0,0,0.024738288,0.032460295,0.011742228,0.000835887,0,0,0,0,0,0,0.000417944,0.034729133,0.012896549,0.010249572,0.003741591,9.95E-05,0,0,0,0,0,0.001472754,0.018329817,0.000776181,0.000218923,5.97E-05,0,0,0,0,0,0,5.97E-05,1.99E-05,0,0,0,0,0,0,0,0,0,0,0,0,0,0,0,0,0,0,0,0,0,0,0,0,0,0,0,0,0,0,0,0,0,0,0,0,0,0,0,0,0,0,0,0,0,0,0.001293635,0.00965251,0.000437846,0,0,0,0,0,0,0,1.99E-05,0.023166023,0.02619114,0.010767026,0.008100147,9.95E-05,0,0,0,0,0,0,0.022170919,0.013414003,0.011364089,0.007881224,9.95E-05,0,0,0,0,0,0.000218923,0.007403574,0.000398042,0,0,0,0,0,0,0,0,0,0,0,0,0,0,0,0,0,0,0,0,0,0,0,0,0,0,0,0,0,0,0,0,0,0,0,0,0,0,0,0,0,0,0,0,0,0,1.99E-05,0,0,0,0,0,0,0,0,0,0.021494248,0.157146838,0.002189229,5.97E-05,0,0,0,0,0,0,0,0.004856108,0.01520519,0.008259364,0.01452852,0.001333439,0,0,0,0,0,0,0.006388568,0.004338654,0.004955618,0.011045655,0.000179119,0,0,0,0,0,0,0.000417944,1.99E-05,0,0,0,0,0,0,0,0,0,0,0,0,0,0,0,0,0,0,0,0,0,0,0,0,0,0,0,0,0,0,0,0,0,0,0,0,0,0,0,0,0,0,0,0,0,5.97E-05,0.001034908,0,0,0,0,0,0,0,0,0,0.006906022,0.028241054,0.010090355,0.000278629,0,0,0,0,0,0,0,0.000616965,0.009015643,0.004577479,0.013155276,0.00238825,0,0,0,0,0,0,0.000437846,0.000537356,0.000557258,0.001612069,0,0,0,0,0,0,0,1.99E-05,0,0,0,0,0,0,0,0,0,0,0,0,0,0,0,0,0,0,0,0,0,0,0,0,0,0,0,0,0,0,0,0,0,0,0,0,0,0,0,0,0,0,0,0,0,0,0.00037814,0.002408152,0.001811089,1.99E-05,0,0,0,0,0,0,0,0.000497552,0.025932413,0.012896549,0.001711579,0.000159217,0,0,0,0,0,0,3.98E-05,0.001353342,0.002746487,0.0047765,3.98E-05,0,0,0,0,0,0,5.97E-05,3.98E-05,0,0,0,0,0,0,0,0,0,0,0,0,0,0,0,0,0,0,0,0,0,0,0,0,0,0,0,0,0,0,0,0,0,0,0,0,0,0,0,0,0,0,0,0,0,0,0,0,0,0,0,0,0,0,0,0,1.99E-05,0.001870796,0.009911237,3.98E-05,1.99E-05,0,0,0,0,0,0,0,0.014190184,0.009214664,0.001751383,0.000159217,0,0,0,0,0,0,0,0.000199021,0.000139315,0.000258727,0,0,0,0,0,0,0,0,0,0,0,0,0,0,0,0,0,0,0,0,0,0,0,0,0,0,0,0,0,0,0,0,0,0,0,0,0,0,0,0,0,0,0,0,0,0,0,0,0,0,0,0,0,0,0,0,0,0,0,0,0,0,0,0,0,0,0.001472754,0.012757234,0.000218923,0,0,0,0,0,0,0,0,0.005134737,0.008100147,0.000278629,0,0,0,0,0,0,0,0,3.98E-05,1.99E-05,0,0,0,0,0,0,0,0,0,0,0,0,0,0,0,0,0,0,0,0,0,0,0,0,0,0,0,0,0,0,0,0,0,0,0,0,0,0,0,0,0,0,0,0,0,0,0,0,0,0,0,0,0,0,0,0,0,1.99E-05,0,0,0,0,0,0,0,0,0,0.000676671,0.028897823,0.002706683,0,0,0,0,0,0,0,0,0.001373244,0.004696891,0,0,0,0,0,0,0,0,0,0,0,0,0,0,0,0,0,0,0,0,0,0,0,0,0,0,0,0,0,0,0,0,0,0,0,0,0,0,0,0,0,0,0,0,0,0,0,0,0,0,0,0,0,0,0,0,0,0,0,0,0,0,0,0,0,0,0,0,0.001651873,0.001313537,0,0,0,0,0,0,0,0,0.002089719,0.002248935
